REG Nº,LOCAL (RELATÓRIO),ESTADO,CIDADE,LATITUDE CENTRAL,LONGITUDE CENTRAL,DATA,HORA,COR RELATÓRIO,COR TAXONOMIA,FORMA (RELATÓRIO),FORMA (TAXONOMIA),TAMANHO APARENTE,MOVIMENTO (RELATÓRIO),MOVIMENTO (TAXONOMIA),SENTIDO,VELOCIDADE,ALTITUDE,DISTÂNCIA,OBSERVADOR(ES),Gênero,NOTA,ANEXO,FONTE,Fonte Filmagem,Teria filmagem?
1,Rod. PA-17 - KM 19 - Município de Santo Antônio do Tauá/PA,PA,Santo Antônio do Tauá,"-1º 9' 10.08""","-48º 7' 58.08""",02 set. 77,22:00,"Amarela, mudando para vermelha",Amarela,"Prato invertido, com um vértice acentuado formando uma figura quase triangular",Prato Invertido,"1,30 a 1,40m","Em zig-zag, no sentido Leste/Oeste",Zig-Zag,Leste/Oeste,"Baixa, no início do deslocamento, aumento gradativo até atingir grande velocidade",30m (estimada),50m (estimada),Sra. Amélia Martins da Silva,Feminino,"A parte inferior (azulada) pareceu à relatora ser transparente. Fazia um leve ruído sibilante (como um dínamo) à distância de 3.000m, ainda sobre a rodovia subiu em alta velocidade. Possuía uma ""lâmpada"" vermelha no ápice inferior.",Cópia de 02 (dois) croquis,"MINISTÉRIO DA AERONÁUTICA - 1º COMANDO AÉREO REGIONAL - 2ª SEÇÃO DO ESTADO MAIOR REGISTROS DE OBSERVAÇÕES DE OVNI
(Nºs 001 a 130)",,
2,Rod. PA-17 - Km 12 - Município de Santo Antônio do Tauá/PA,PA,Santo Antônio do Tauá,"-1º 9' 10.08""","-48º 7' 58.08""",22 set. 77,21:30,"Amarela avermelhada, emitindo foco de luz azulada (dirigido)",Amarela,Indefinida,Indefinida,...,"Voo picado em direção ao Relator, sentido Leste/Oeste",Trajetória Curva,Leste/Oeste,Variável,Baixa,...,Sr. Raimundo Francisco das Chagas,Masculino,"Ruído sibilante, como um dínamo (comparado)",Cópia de 01 (um) croquis,"MINISTÉRIO DA AERONÁUTICA - 1º COMANDO AÉREO REGIONAL - 2ª SEÇÃO DO ESTADO MAIOR REGISTROS DE OBSERVAÇÕES DE OVNI
(Nºs 001 a 130)",,
3,Colônia Campo Cerrado - Município de Santo Antônio do Tauá/PA,PA,Santo Antônio do Tauá,"-1º 9' 10.08""","-48º 7' 58.08""",12 out. 77,02:00,"Azul, com listras pretas",Azul,"Circular, disposta em duas seções, tendo na parte de cima a de menor diâmetro",Circular,"1,40m (diâmetro)","Ondulante (sentido lateral), de Leste/Oeste",Pendular/Ondulante,Leste/Oeste,Variável,20m (estimada),20m (estimada),Sr. Manoel Matos de Souza,Masculino,"O Relator tentou atirar no OVNI, sendo atingido por um foco de luz (raio) vermelha, produzindo-lhe paralisia, ficando acamado por duas semanas. Ruído sibilante.",Cópia de 01 (um) croquis,"MINISTÉRIO DA AERONÁUTICA - 1º COMANDO AÉREO REGIONAL - 2ª SEÇÃO DO ESTADO MAIOR REGISTROS DE OBSERVAÇÕES DE OVNI
(Nºs 001 a 130)",,
4,Município de Colares/PA,PA,Colares,"0º 56' 11.04""","-48º 16' 50.88""",13 out. 77,03:25,Avermelhada (parte superior) e azul esverdeada (inferior),Avermelhada,Indefinida,Indefinida,50 cm,"Trajetória reta, no sentido Norte/Sul",Trajetória Reta,Norte/Sul,Supersônica,20m (estimada),75m (estimada),Padre Alfredo de La Ó,Masculino,Forte luminosidade sobre a água. O Relator despertou com o alarido dos cães. Não ouviu ruído ou percebeu deslocamento de ar (onda sônica).,Cópia de 01 (um) croquis,"MINISTÉRIO DA AERONÁUTICA - 1º COMANDO AÉREO REGIONAL - 2ª SEÇÃO DO ESTADO MAIOR REGISTROS DE OBSERVAÇÕES DE OVNI
(Nºs 001 a 130)",,
5,Colônia São Braz - Município de Santo Antônio do Tauá/PA,PA,Santo Antônio do Tauá,"-1º 9' 10.08""","-48º 7' 58.08""",14 out. 77,03:00,"Azul, brilho intenso (solda elétrica)",Azul,Indefinida,Indefinida,...,Pendular (ondulante). Deslocamento de Sudeste/Noroeste,Pendular/Ondulante,Sudeste/Noroeste,Variável. Inicialmente baixa; acelerou,30m (estimada),30m (estimada),Sr. Benedito Ferreira de Figueiredo,Masculino,"O OVNI produziu intensa luminosidade, chegando a iluminar o interior da residência. Deslocou-se vagarosamente ao ganhar altura, depois acelerou, desaparecendo rapidamente. Sem ruído.",Cópia de 01 (um) croquis,"MINISTÉRIO DA AERONÁUTICA - 1º COMANDO AÉREO REGIONAL - 2ª SEÇÃO DO ESTADO MAIOR REGISTROS DE OBSERVAÇÕES DE OVNI
(Nºs 001 a 130)",,
6,Colônia São Braz - Município de Santo Antônio do Tauá/PA,PA,Santo Antônio do Tauá,"-1º 9' 10.08""","-48º 7' 58.08""",14 out. 77,03:00,Azulada (solda elétrica),Azul,Indefinida,Indefinida,...,"Trajetória reta, no sentido Sudeste/Noroeste",Trajetória Reta,Sudeste/Noroeste,Baixa,40m (estimada),30m (estimada),Sr. Elísio de Souza Torres,Masculino,"Ao tentar olhar diretamente para o OVNI teve sensação de dor, desviando o olhar. Não percebeu ruído.",Cópia de 01 (um) croquis,"MINISTÉRIO DA AERONÁUTICA - 1º COMANDO AÉREO REGIONAL - 2ª SEÇÃO DO ESTADO MAIOR REGISTROS DE OBSERVAÇÕES DE OVNI
(Nºs 001 a 130)",,
7,Paraíso do Ubintuba - Município de Vigia/PA,PA,Vigia,"0º 51' 25.92""","-48º 8' 17.88""",16 out. 77,05:30,"Amarela avermelhada, cauda ou esteira multi-colorida",Amarela,"Circular (como uma arraia), com apêndice na parte traseira",Circular,"1,50m",Variável,Irregular/Variável,Variável,Baixa,5 a 10m (estimada),30 a 40m (estimada),Sr. Raimundo Nonato Barbosa,Masculino,O Relator foi atingido por um foco de luz azulada sofrendo efeitos físicos. Da cauda do OVNI saíam faíscas multi-coloridas. Não percebeu ruído.,Cópia de 01 (um) croquis,"MINISTÉRIO DA AERONÁUTICA - 1º COMANDO AÉREO REGIONAL - 2ª SEÇÃO DO ESTADO MAIOR REGISTROS DE OBSERVAÇÕES DE OVNI
(Nºs 001 a 130)",,
8,Município de Colares/PA,PA,Colares,"0º 56' 11.04""","-48º 16' 50.88""",16 out. 77,18:30,Cinza (metálica),Cinza,Cilíndrica (ligeiramente cônica),Cilíndrica/Oval,2 a 3m,"Variado, evoluindo em várias direções, rumo Nordeste",Irregular/Variável,Nordeste,Variável,100m (estimada),1.500m (estimada),Dra. Welliade Cecim Carvalho,Feminino,"Movimento ondulante, paradas e voltas rápidas em torno de um eixo (longitudinal). Ausência total de ruído. Metálico.",Cópia de 02 (dois) croquis,"MINISTÉRIO DA AERONÁUTICA - 1º COMANDO AÉREO REGIONAL - 2ª SEÇÃO DO ESTADO MAIOR REGISTROS DE OBSERVAÇÕES DE OVNI
(Nºs 001 a 130)",,
9,Rodovia PA-17 - Km 23 - Campo Cerrado/PA,PA,Santo Antônio do Tauá,"-1º 9' 10.08""","-48º 7' 58.08""",18 out. 77,21:30,Amarela avermelhada,Amarela,Circular,Circular,"1,20m (diâmetro)","Trajetória reta, sentido Nordeste/Sudoeste",Trajetória Reta,Nordeste/Sudoeste,Baixa,30m (estimada),50m (estimada),Sra. Maria das Graças Souza,Feminino,Refere-se a efeitos físicos. Não observou ruído.,Cópia de 01 (um) croquis,"MINISTÉRIO DA AERONÁUTICA - 1º COMANDO AÉREO REGIONAL - 2ª SEÇÃO DO ESTADO MAIOR REGISTROS DE OBSERVAÇÕES DE OVNI
(Nºs 001 a 130)",,
10,Município de Colares/PA,PA,Colares,"0º 56' 11.04""","-48º 16' 50.88""",19 out. 77,19:30,"Amarela avermelhada, emitindo focos de luz azulada",Amarela,Indefinida,Indefinida,...,"Trajetória reta, no sentido Norte/Sul",Trajetória Reta,Norte/Sul,Baixa,100m (estimada),100m (estimada),Sr. Antonio Acacio de Oliveira,Masculino,"Luminosidade bastante intensa à distância, mais próximo diminuiu (ponta de cigarro) e lançou 03 (três) focos de luz azul dirigida no rumo da cidade (Residência a 2 Km da cidade).",Cópia de 01 (um) croquis,"MINISTÉRIO DA AERONÁUTICA - 1º COMANDO AÉREO REGIONAL - 2ª SEÇÃO DO ESTADO MAIOR REGISTROS DE OBSERVAÇÕES DE OVNI
(Nºs 001 a 130)",,
11,Santo Antônio do Ubintuba - Município de Vigia/PA,PA,Vigia,"0º 51' 25.92""","-48º 8' 17.88""",22 out. 77,20:15,"Amarela avermelhada, fosca",Amarela,Indefinida,Indefinida,"2,5 cm","Trajetória ligeiramente curva, sentido Norte/Sul",Trajetória Curva,Norte/Sul,Grande velocidade (supersônica),1.200m (estimada),5.000m (estimada),Equipe do A2/I COMAR,Masculino,Ausência de ruído ou deslocamento de ar (onda sônica),Cópia de 01 (um) croquis,"MINISTÉRIO DA AERONÁUTICA - 1º COMANDO AÉREO REGIONAL - 2ª SEÇÃO DO ESTADO MAIOR REGISTROS DE OBSERVAÇÕES DE OVNI
(Nºs 001 a 130)",,
12,Baía do Sol - Mosqueiro/PA,PA,Mosqueiro,"-1º 9' 52.56""","-48º 27' 12.96""",22 out. 77,22:40,"Azul, brilho muito intenso (solda elétrica)",Azul,Indefinida,Indefinida,...,"Trajetória reta, no sentido Norte/Sul",Trajetória Reta,Norte/Sul,Média (300/500 Km/h),60m (estimada),3.000m (estimada),"Cap 1 Aer Hollanda, Civis Ubiratan Pinon Frias e Hilton Mendonça",Masculino,Ausência de ruído ou deslocamento de ar,Cópia de 01 (um) croquis,"MINISTÉRIO DA AERONÁUTICA - 1º COMANDO AÉREO REGIONAL - 2ª SEÇÃO DO ESTADO MAIOR REGISTROS DE OBSERVAÇÕES DE OVNI
(Nºs 001 a 130)",,
13,Baía do Sol - Mosqueiro/PA,PA,Mosqueiro,"-1º 9' 52.56""","-48º 27' 12.96""",26 out. 77,18:35,Amarela avermelhada,Amarela,Indefinida,Indefinida,...,"Trajetória irregular (zig-zag), sentido Norte/Sul",Zig-Zag,Norte/Sul,Média (-500Km/h),500m (estimada),3.000m (estimada),Sr. Ubiratan Pinon Frias e Srta. Celia Montenegro,Misto,Ausência total de ruído. O CI ao chegar sobre o Furo do Jejutauá efetuou correção brusca para Sudeste.,Cópia de 01 (um) croquis,"MINISTÉRIO DA AERONÁUTICA - 1º COMANDO AÉREO REGIONAL - 2ª SEÇÃO DO ESTADO MAIOR REGISTROS DE OBSERVAÇÕES DE OVNI
(Nºs 001 a 130)",,
14,Baía do Marajó - Baixo da Coroa Vermelha/PA,PA,Baía do Marajó,"-1º 0' 0.00""","-49º 30' 0.00""",01 nov. 77,01:00,Avermelhada (sic),Avermelhada,Indefinida,Indefinida,15 cm,"Circular (15 voltas) em torno de uma ""luz"" azul.",Circular,Não especificado,Variável (menor que de um avião),Baixa,500m (estimada),Sr. Elias de Oliveira,Masculino,"Sobre uma luz azul (altura de 1,50m sobre a água) o OVNI efetuou várias evoluções, pousando próximo, não sendo mais visto. Já próximo do nascer do dia a ""luz"" ainda era visível.",Cópia de 01 (um) croqui,"MINISTÉRIO DA AERONÁUTICA - 1º COMANDO AÉREO REGIONAL - 2ª SEÇÃO DO ESTADO MAIOR REGISTROS DE OBSERVAÇÕES DE OVNI
(Nºs 001 a 130)",,
15,Baía do Marajó - Canal do Quiririm/PA,PA,Baía do Marajó,"-1º 0' 0.00""","-49º 30' 0.00""",01 nov. 77,01:00,Farol: Azul violeta - CL: Amarela avermelhada,Avermelhada,Indefinida,Indefinida,...,Irregular,Irregular/Variável,Não especificado,Média,20m (estimada),2.000m (estimada),Sr. Orlando Fontenelle Trindade,Masculino,"O OVNI circulou o ""farol azul"" e parou (sic) junto à luz. Procedia do Noroeste.",Cópia de 01 (um) croquis,"MINISTÉRIO DA AERONÁUTICA - 1º COMANDO AÉREO REGIONAL - 2ª SEÇÃO DO ESTADO MAIOR REGISTROS DE OBSERVAÇÕES DE OVNI
(Nºs 001 a 130)",,
16,Município de Colares/PA,PA,Colares,"0º 56' 11.04""","-48º 16' 50.88""",01 nov. 77,19:00,"Amarela (âmbar ou quartzo-iodo), forte intensidade",Amarela,Indefinida,Indefinida,6m (à distância de 1.500m),"Trajetória curva à direita, descendente e ascendente",Trajetória Curva,Não especificado,800 Km/h (picada). Supersônica em subida.,2.000m (estimada). Passagem na vertical.,2.000m (estimada). Passagem na vertical.,Equipe do A2/I COMAR,Misto,"Além da luminosidade descrita, o OVNI apresentava um pequeno semi-círculo avermelhado na parte superior. Sentido de deslocamento Sudeste/Noroeste. Ausência de ruído ou deslocamento de ar.",Cópia de 01 (um) croquis,"MINISTÉRIO DA AERONÁUTICA - 1º COMANDO AÉREO REGIONAL - 2ª SEÇÃO DO ESTADO MAIOR REGISTROS DE OBSERVAÇÕES DE OVNI
(Nºs 001 a 130)",,
17,Rio Guajará (Olaria KEUFFER) - Benfica/PA,PA,Benfica (Belém),"-1º 17' 20.04""","-48º 22' 14.88""",02 nov. 77,21:30,Avermelhada (superior) e azul esverdeada (inferior),Avermelhada,"Circular, cúpula superior transparente",Circular,3m de diâmetro x 2m de altura,Variado,Irregular/Variável,Sudeste/Noroeste,Baixa (~20Km/h),20m (estimada),70m (estimada),Sr. Luiz Pereira Rodrigues,Masculino,"O OVNI surgiu como se fosse o nascer do sol (luminosidade muito intensa), deslocando-se vagarosamente, parando próximo ao relator. Da parte inferior abriu-se uma ""escotilha"" de onde saiu um ""humanoide"" (1,50m de altura), roupa colante, examinou o local (rede) onde momentos antes o relator estivera.",Cópia de 01 (um) croquis,"MINISTÉRIO DA AERONÁUTICA - 1º COMANDO AÉREO REGIONAL - 2ª SEÇÃO DO ESTADO MAIOR REGISTROS DE OBSERVAÇÕES DE OVNI
(Nºs 001 a 130)",,
18,Município de Colares/PA,PA,Colares,"0º 56' 11.04""","-48º 16' 50.88""",04 nov. 77,23:00,Amarela avermelhada,Amarela,Indefinida,Indefinida,3m,"Trajetória reta, no sentido Sudeste/Noroeste",Trajetória Reta,Oeste/Leste,Variável,4.000m (estimada),15.000m (estimada),Equipe do A2/I COMAR,Misto,...,Cópia de 01 (um) croquis,"MINISTÉRIO DA AERONÁUTICA - 1º COMANDO AÉREO REGIONAL - 2ª SEÇÃO DO ESTADO MAIOR REGISTROS DE OBSERVAÇÕES DE OVNI
(Nºs 001 a 130)",,
19,Município de Colares/PA,PA,Colares,"0º 56' 11.04""","-48º 16' 50.88""",05 nov. 77,01:00,Amarela avermelhada,Amarela,Indefinida,Indefinida,3cm,"Trajetória reta, efetuando curva após para a esquerda, Sentido de deslocamento Oeste/Leste",Trajetória Curva,Não especificado,Baixa (menos de 300Km/h),2.000m (estimada),15.000m (estimada),Equipe do A2/I COMAR,Misto,Nítida impressão de pouso n'água.,Cópia de 01 (um) croquis,"MINISTÉRIO DA AERONÁUTICA - 1º COMANDO AÉREO REGIONAL - 2ª SEÇÃO DO ESTADO MAIOR REGISTROS DE OBSERVAÇÕES DE OVNI
(Nºs 001 a 130)",,
20,Município de Colares/PA,PA,Colares,"0º 56' 11.04""","-48º 16' 50.88""",05 nov. 77,02:15,"Azulada, intensidade luminosa variável",Azul,Circular,Circular,...,Trajetória reta sobre a água,Trajetória Reta,Sul,Média (acima de 300 Km/h),...,8.000m (estimada),Equipe do A2/I COMAR,Misto,"Deslocamento no sentido Sudoeste/Norte, não ganhou altura, foi observado uma luminosidade refletida n'água até as 03:25 horas.",Cópia de 01 (um) croquis,"MINISTÉRIO DA AERONÁUTICA - 1º COMANDO AÉREO REGIONAL - 2ª SEÇÃO DO ESTADO MAIOR REGISTROS DE OBSERVAÇÕES DE OVNI
(Nºs 001 a 130)",,
21,Baía do Marajó - Canal do Navio/PA,PA,Baía do Marajó,"-1º 0' 0.00""","-49º 30' 0.00""",05 nov. 77,03:00,Amarelada,Amarela,Indefinida,Indefinida,...,"Trajetória reta, procedente do Sul",Trajetória Reta,Belém (S/SE),Média (~300 Km/h),"Baixa (estimada, após 30m)",3.000m (estimada),Sr. Marcelino Pereira Cardoso,Masculino,"Pousou n'água em frente ao farol de Colares. Um farol de busca foi acionado como se tentassem localizar o OVNI, entretanto, o relator não identificou embarcação às proximidades. O CI deslocou-se N.",Cópia de 01 (um) croquis,"MINISTÉRIO DA AERONÁUTICA - 1º COMANDO AÉREO REGIONAL - 2ª SEÇÃO DO ESTADO MAIOR REGISTROS DE OBSERVAÇÕES DE OVNI
(Nºs 001 a 130)",,
22,Baía do Marajó - Canal do Navio/PA,PA,Baía do Marajó,"-1º 0' 0.00""","-49º 30' 0.00""",05 nov. 77,03:00,Amarelada,Amarela,Indefinida,Indefinida,...,"Trajetória reta, procedente do rumo Belém (S/SE)",Trajetória Reta,Noroeste/Sul (Soure/PA),Média,"Baixa (estimada, após 30m)",2.000m (estimada),Sr. Rósio de Oliveira,Masculino,"O OVNI pousou defronte ao farol de Colares. Uma camaroera (barco) que passava, acendeu o farol de busca, tentando localizar o CI. Após isto o barco dirigiu-se para o Norte. O CI voltou a aparecer onde havia pousado e deslocou-se a baixa altura (30m) rumo Noroeste/Norte.",Cópia de 01 (um) croquis,"MINISTÉRIO DA AERONÁUTICA - 1º COMANDO AÉREO REGIONAL - 2ª SEÇÃO DO ESTADO MAIOR REGISTROS DE OBSERVAÇÕES DE OVNI
(Nºs 001 a 130)",,
23,Município de Colares/PA,PA,Colares,"0º 56' 11.04""","-48º 16' 50.88""",05 nov. 77,03:00,Avermelhada,Avermelhada,Indefinida,Indefinida,6 a 10cm,"Trajetória reta, no rumo Noroeste/Sul (Soure/PA)",Trajetória Reta,Sudoeste/Noroeste,Variável,100m (estimada),5.000m (estimada),Equipe do A2/I COMAR,Misto,Observado o deslocamento desde um ponto sobre a água em frente ao Farol de Colares (2.000m da margem).,Cópia de 01 (um) croquis,"MINISTÉRIO DA AERONÁUTICA - 1º COMANDO AÉREO REGIONAL - 2ª SEÇÃO DO ESTADO MAIOR REGISTROS DE OBSERVAÇÕES DE OVNI
(Nºs 001 a 130)",,
24,Município de Colares/PA,PA,Colares,"0º 56' 11.04""","-48º 16' 50.88""",05 nov. 77,18:26,Amarela avermelhada,Amarela,Indefinida (à vista),Indefinida,"2,5cm","Trajetória reta, no sentido Sudoeste/Noroeste",Trajetória Reta,NW/SE,Média (acima de 300 Km/h),1.500m (estimada),1.200m (estimada),Equipe do A2/I COMAR,Misto,"Foram observados efeitos eletroestáticos e magnéticos durante um período de 20 minutos. Obtidos os ângulos Vert. -12.6, 08.3 e 05.9 e Horiz. 042.1, 221.2 e 220.3 (teodolito).",,"MINISTÉRIO DA AERONÁUTICA - 1º COMANDO AÉREO REGIONAL - 2ª SEÇÃO DO ESTADO MAIOR REGISTROS DE OBSERVAÇÕES DE OVNI
(Nºs 001 a 130)",,
25,Rio Guamá - Travessia Bujaru/Belém,PA,Bujaru (Belém),"-1º 30' 38.88""","-48º 2' 9.96""",05 nov. 77,19:30,"Amarela, forte intensidade luminosa",Amarela,Indefinida,Indefinida,20 cm,"Irregular, reta inicialmente e depois curva 360° (NW/SE)",Irregular/Variável,Sul/Norte,Baixa (-200Km/h),2.300m (estimada),500m,Sr UBIRATAN PINON FRIAS e Srta CELIA MONTE-NEGRO,"Masculino, Feminino","O OVNI movimentava-se em linha reta, ao chegar na margem do rio efetuou uma curva de 360°, voltando ao rumo inicial, acelerando, passou a grande velocidade (supersônica). Desapareceu em subida.",Não especificado,"MINISTÉRIO DA AERONÁUTICA - 1º COMANDO AÉREO REGIONAL - 2ª SEÇÃO DO ESTADO MAIOR REGISTROS DE OBSERVAÇÕES DE OVNI
(Nºs 001 a 130)",,
26,Município de COLARES/Pa,PA,Colares,"0º 56' 11.04""","-48º 16' 50.88""",06 nov. 77,05:08,"Amarela, forte intensidade luminosa",Amarela,Indefinida,Indefinida,5 cm,"Trajetória reta, sentido Sul/Norte",Trajetória Reta,Sudoeste/Sul,Média,Baixa,3.000m,Sr ROBERTO DOS ANJOS SILVA,Masculino,Emitia lampejos azulados de forte intensidade (comparou a solda elétrica).,Não especificado,"MINISTÉRIO DA AERONÁUTICA - 1º COMANDO AÉREO REGIONAL - 2ª SEÇÃO DO ESTADO MAIOR REGISTROS DE OBSERVAÇÕES DE OVNI
(Nºs 001 a 130)",,
27,Município de COLARES/Pa,PA,Colares,"0º 56' 11.04""","-48º 16' 50.88""",06 nov. 77,05:20,"Amarela avermelhada, lampejos azulados de intenso brilho",Amarela,Indefinida,Indefinida,10 cm,"Curvas ascendentes e descendentes, no sentido Sudoeste/Sul",Trajetória Curva,Noroeste/Nordeste,Variável. Aceleração contínua,Variável. 200m no ponto mais baixo,"500m (estimada), na vertical",Equipe do A2/I COMAR,Não especificado,"O OVNI procedeu a manobras inteligentes. Visão inicial: lampejos azulados à distância de 5.000m. Voo picado e recuperação em velocidade supersônica, duração da passagem: aprox. 90 segundos. Ausência de ruído ou deslocamento de ar.",Cópia de 01(um) croquis e 03(três) fotografias,"MINISTÉRIO DA AERONÁUTICA - 1º COMANDO AÉREO REGIONAL - 2ª SEÇÃO DO ESTADO MAIOR REGISTROS DE OBSERVAÇÕES DE OVNI
(Nºs 001 a 130)",,
28,Município de COLARES/Pa,PA,Colares,"0º 56' 11.04""","-48º 16' 50.88""",06 nov. 77,05:25,Amarela avermelhada,Amarela,Indefinida,Indefinida,3 cm,"Curva ascendente à esquerda, no sentido Noroeste/Nordeste",Trajetória Curva,Noroeste/Sudeste,Supersônica,1.500m (estimada),800m,Equipe do A2/I COMAR,Não especificado,"Voo picado com recuperação à esquerda à distância de 800m, prosseguindo em reta, sendo visíveis seus lampejos azulados. Duração da passagem: 30 segundos.",Cópia de 04(quatro) fotografias,"MINISTÉRIO DA AERONÁUTICA - 1º COMANDO AÉREO REGIONAL - 2ª SEÇÃO DO ESTADO MAIOR REGISTROS DE OBSERVAÇÕES DE OVNI
(Nºs 001 a 130)",,
29,Santo Antônio do Ubintuba - Município de Vigia/PA,PA,Vigia,"0º 51' 25.92""","-48º 8' 17.88""",7 nov. 77,05:20,Azul clara (quase cinza),Azulada,Cilíndrica (ligeiramente cônica),Cilíndrica/Oval,60 cm,Trajetória reta,Trajetória Reta,Sudeste/Nordeste,Média,40m,400m,Benjamin Amadeu Amin,Masculino,Não observou detalhes,,"MINISTÉRIO DA AERONÁUTICA - 1º COMANDO AÉREO REGIONAL - 2ª SEÇÃO DO ESTADO MAIOR REGISTROS DE OBSERVAÇÕES DE OVNI
(Nºs 001 a 130)",,
30,Praia Chapéu Virado - Mosqueiro/Pa,Pará,Mosqueiro,01°11′S,048°28′W,7 nov. 77,às 23:45 horas,Amarela avermelhada,Amarela avermelhada,Indefinida,Indefinida,40 cm,"Trajetória reta, no sentido Norte/Sul (curva à esquerda)",Curvo,Norte/Sul,Baixa (-200 Km/h),100m (estimada),200m (estimada),Sr. UBIRATAN PINON FRIAS,Masculino,"Após percorrer boa distância em linha reta, efetuou curva para a esquerda aproando NE (Colares). Desapareceu por interposição de árvores.",...,"MINISTÉRIO DA AERONÁUTICA - 1º COMANDO AÉREO REGIONAL - 2ª SEÇÃO DO ESTADO MAIOR REGISTROS DE OBSERVAÇÕES DE OVNI
(Nºs 001 a 130)",,
31,Município de COLARES/Pa,Pará,Colares,00°57′S,048°17′W,7 nov. 77,às 05:20 horas,"Amarela clara, emitindo lampejos azulados",Amarela clara,Indefinida,Indefinida,5 cm,"Trajetória reta, no sentido Sudoeste/Noroeste",Reta,Sudoeste/Noroeste,Média (500 Km/h),1.200m (estimada),1.500m (estimada),Equipe do A2/I COMAR,...,Ausência total de ruído.,Cópia de 03 (três) fotografias.,"MINISTÉRIO DA AERONÁUTICA - 1º COMANDO AÉREO REGIONAL - 2ª SEÇÃO DO ESTADO MAIOR REGISTROS DE OBSERVAÇÕES DE OVNI
(Nºs 001 a 130)",,
32,Município de COLARES/Pa,Pará,Colares,00°57′S,048°17′W,8 nov. 77,às 05:20 horas,Amarela clara,Amarela clara,Indefinida,Indefinida,1 cm,"Trajetória reta, no sentido Norte/Sul",Reta,Norte/Sul,Supersônica,6.000m (estimada),10.000m (estimada),Equipe do A2/I COMAR,...,"Obtidos ângulos Vert. 38.6 e Horiz. 183.2 (teodolito), desaparecimento devido à distância no horizonte.",...,"MINISTÉRIO DA AERONÁUTICA - 1º COMANDO AÉREO REGIONAL - 2ª SEÇÃO DO ESTADO MAIOR REGISTROS DE OBSERVAÇÕES DE OVNI
(Nºs 001 a 130)",,
33,Praia Chapéu Virado - Mosqueiro/Pa,Pará,Mosqueiro,01°09′S,48°28′W,8 nov. 77,às 00:45 horas,Amarela avermelhada,Amarela avermelhada,Indefinida,Indefinida,...,"Trajetória curva, sentido Sudeste/Noroeste",Curva,Sudeste/Noroeste,Baixa (-20 Km/h),100m (estimada),...,Sr Ubiratan Pinon Frias e Sra Celia Montenegro,...,Efetuou curva aprontando Colares (NE).,...,"MINISTÉRIO DA AERONÁUTICA - 1º COMANDO AÉREO REGIONAL - 2ª SEÇÃO DO ESTADO MAIOR REGISTROS DE OBSERVAÇÕES DE OVNI
(Nºs 001 a 130)",,
34,Município de COLARES/Pa,Pará,Colares,00°57′S,048°17′W,8 nov. 77,às 05:21 horas,Amarela avermelhada,Amarela avermelhada,Circular,Circular,10 cm,Estacionário (Rumo Sul).,Estacionário,Rumo Sul,...,500m (estimada),1.200m (estimada),Equipe do A2/I COMAR,...,O OVNI surgiu e desapareceu repentinamente.,...,"MINISTÉRIO DA AERONÁUTICA - 1º COMANDO AÉREO REGIONAL - 2ª SEÇÃO DO ESTADO MAIOR REGISTROS DE OBSERVAÇÕES DE OVNI
(Nºs 001 a 130)",,
35,Praia Chapéu Virado - Mosqueiro/Pa,Pará,Mosqueiro,01°09′S,48°28′W,14 nov. 77,às 23:15 horas,Amarela avermelhada,Amarela avermelhada,Indefinida,Indefinida,...,"Trajetória irregular (zig-zag), sentido SW/NE",Irregular,SW/NE,Baixa (-200 Km/h),100m (estimada),8.000m (estimada),Sr Ubiratan Pinon Frias,...,"Ao atingir a Coroa Grande (Ilha), desviou acentuadamente para Colares.",Cópia de um croquis,"MINISTÉRIO DA AERONÁUTICA - 1º COMANDO AÉREO REGIONAL - 2ª SEÇÃO DO ESTADO MAIOR REGISTROS DE OBSERVAÇÕES DE OVNI
(Nºs 001 a 130)",,
36,Praia do Farol - Mosqueiro/Pa,Pará,Mosqueiro,01°09′S,48°28′W,15 nov. 77,às 00:15 horas,Amarela avermelhada,Amarela avermelhada,Indefinida,Indefinida,10 cm,"Trajetória reta, no sentido Oeste/Leste.",Reta,Oeste/Leste,Baixa (-50 Km/h),60m (estimada),3.000m (estimada),Sr Ubiratan Pinon Frias e Sra Celia Montenegro,...,"Ao chegar sobre a Ponta do Machadinho (Ilha de Colares), o OVNI mudou de altura e velocidade.",...,"MINISTÉRIO DA AERONÁUTICA - 1º COMANDO AÉREO REGIONAL - 2ª SEÇÃO DO ESTADO MAIOR REGISTROS DE OBSERVAÇÕES DE OVNI
(Nºs 001 a 130)",,
37,Baia do Sol - Mosqueiro/Pa,PA,Mosqueiro,"-1º 9' 52.56""","-48º 27' 12.96""",18 nov. 77,00:45,Amarela avermelhada,Amarela,Indefinida,Indefinida,30 cm,"Trajetória curva, em subida, no sentido Noroeste/Sudeste",Trajetória Curva,Noroeste/Sudeste,Média (500 Km/h),300 m (estimada),800 m,Sr UBIRATAN PINON FRIAS e Srta CELIA MONTE-NEGRO,"Masculino, Feminino","Ausência de ruído, visão obstruída por árvores.",Não especificado,"MINISTÉRIO DA AERONÁUTICA - 1º COMANDO AÉREO REGIONAL - 2ª SEÇÃO DO ESTADO MAIOR REGISTROS DE OBSERVAÇÕES DE OVNI
(Nºs 001 a 130)",,
38,Rodovia PA-16 - Km 4/3 (Belém-Mosqueiro/Pa),PA,Mosqueiro,"-1º 9' 52.56""","-48º 27' 12.96""",20 nov. 77,23:58,Amarela avermelhada,Amarela,Indefinida,Indefinida,5 cm,"Trajetória reta, no sentido Noroeste/Sudeste",Trajetória Reta,Sudoeste/Oeste,Média (300 Km/h),500 m (estimada),2.000 m,"Ten Esp Av VASCONCELOS, 1S Q AT MT FLÁVIO e os Civis VIRGÍLIO (piloto) e ADERBAL MELLO (Eng. Civil)",Masculino,"O grupo observou o deslocamento de um corpo luminoso, a baixa altura e baixa velocidade (100 Km/h), pouco acima do nível das árvores, no sentido Norte/Sul.",Não especificado,"MINISTÉRIO DA AERONÁUTICA - 1º COMANDO AÉREO REGIONAL - 2ª SEÇÃO DO ESTADO MAIOR REGISTROS DE OBSERVAÇÕES DE OVNI
(Nºs 001 a 130)",,
39,Baia do Sol - Mosqueiro/Pa,PA,Mosqueiro,"-1º 9' 52.56""","-48º 27' 12.96""",22 nov. 77,03:20,Amarela fosca,Avermelhada,Indefinida,Indefinida,10 cm,"Trajetória curva, Sudoeste/Oeste. Efetuou duas voltas de 720°",Trajetória Curva,Nordeste/Sudoeste,Variável. Piques de aceleração. Média (500 Km/h),400 m (estimada),600 m,"1S Q AT MT FLÁVIO e os Civis UBIRATAN PINON FRIAS, Sra P.M. FREITAS COSTA e Srta CELIA MONTENEGRO","Masculino, Feminino","O OVNI movimentava-se em zig-zag dentro de uma trajetória curva. A uma distância de 2.000 m, procedeu a duas voltas completas de 720° descendente, dirigindo-se para Sudoeste.",Cópia de 10 (dez) fotografias,"MINISTÉRIO DA AERONÁUTICA - 1º COMANDO AÉREO REGIONAL - 2ª SEÇÃO DO ESTADO MAIOR REGISTROS DE OBSERVAÇÕES DE OVNI
(Nºs 001 a 130)",,
40,Baia do Sol - Mosqueiro/Pa,PA,Mosqueiro,"-1º 9' 52.56""","-48º 27' 12.96""",22 nov. 77,04:25,Amarela avermelhada,Luminosidade Reflexa,Indefinida,Cilíndrica/Oval,5 cm,"Trajetória reta, no sentido Nordeste/Sudoeste",Trajetória Reta,Sudeste/Noroeste,Grande (acima de 800 Km/h),300 m (estimada),800 m,"1S Q AT MT FLÁVIO e os Civis UBIRATAN PINON FRIAS, Sra F.M. FREITAS COSTA e Srta CELIA MONTENEGRO","Masculino, Feminino",Desapareceu por interposição de árvores.,Não especificado,"MINISTÉRIO DA AERONÁUTICA - 1º COMANDO AÉREO REGIONAL - 2ª SEÇÃO DO ESTADO MAIOR REGISTROS DE OBSERVAÇÕES DE OVNI
(Nºs 001 a 130)",,
41,Baía do Sol - Mosqueiro/Pa,Pará,Mosqueiro,01°09′S,48°28′W,22 nov. 77,às 05:18 horas,Amarela fosca,Amarela fosca,Indefinida (à vista),Indefinida,2 a 3 cm,Elemento A: Trajetória reta. Elemento B: Irregular (curva),Irregular,Sul/Noroeste,"Baixa (200 Km/h), 8x piques de aceleração constante",1.500m (estimada),1.500m (estimada),"1S Q AT MT Flavio e os Civis Ubiratan Pinon Frias, F.M. Freitas Costa e Sra Celia Montenegro",...,Sentido de deslocamento: Elemento A: Trajetória reta. Elemento B: Irregular (curva). Cortou a proa para a direita,Cópia de um croquis e seis fotografias,"MINISTÉRIO DA AERONÁUTICA - 1º COMANDO AÉREO REGIONAL - 2ª SEÇÃO DO ESTADO MAIOR REGISTROS DE OBSERVAÇÕES DE OVNI
(Nºs 001 a 130)",,
42,Baía do Marajó - Rota Soure/Belém (CESSNA 206),Pará,Soure/Belém,00°42′S,48°31′W,23 nov. 77,às 09:30 horas,Cinza clara (metálica-fosca),Cinza clara,Oval,Oval,4.00m,"Trajetória reta, no sentido Sudeste/Leste",Reta,Sudeste/Leste,Baixa (~100 Km/h),70m (estimada),3.000m (estimada),2S Ten EB Valdey Viedas Pantoja,...,Aeronave desviou ao avistar o OVNI que seguia a 70m da asa direita,Cópia de um croquis,"MINISTÉRIO DA AERONÁUTICA - 1º COMANDO AÉREO REGIONAL - 2ª SEÇÃO DO ESTADO MAIOR REGISTROS DE OBSERVAÇÕES DE OVNI
(Nºs 001 a 130)",,
43,Município de Colares/Pa,PA,Colares,"0º 56' 11.04""","-48º 16' 50.88""",23 nov. 77,09:30,"Vermelha, brilho metálico na parte superior",Amarela,Oval (cilíndrica),Fuso,"1,00 m de comprimento por 0,50 m de diâmetro","Trajetória reta, no sentido Sudeste/Noroeste",Trajetória Reta,Não especificado,Grande (maior que a de um avião a jato),1.200 m (estimada),1.500 m,Sr ANTONIO FERREIRA,Masculino,"O OVNI movimentava-se ondulando (como folha ao vento), parava, girava em torno de si mesmo e deslocava-se rápido como se recebesse impulsos. Após várias evoluções, aumentou ainda mais sua velocidade, desaparecendo no rumo do nascente.",Cópia de 02 (dois) croquis,"MINISTÉRIO DA AERONÁUTICA - 1º COMANDO AÉREO REGIONAL - 2ª SEÇÃO DO ESTADO MAIOR REGISTROS DE OBSERVAÇÕES DE OVNI
(Nºs 001 a 130)",,
44,Campinas da Vigia - Município da Vigia/Pa,PA,Vigia,"0º 51' 25.92""","-48º 8' 17.88""",25 nov. 77,19:30,Luminosidade reflexa,Amarela,Fuso (conóide),Indefinida,"3,00 x 0,60 m","Irregular, oscilando lateralmente",Irregular/Variável,Noroeste/Sudeste,Baixa,100 m (estimada),100 m,Padre ALFREDO DE LA O,Masculino,"Ausência de ruído. Possuía luzes de cores verde, vermelha e amarela, que acendiam intermitentemente no sentido horário. Aumentou subitamente a velocidade e desapareceu no alto.",Não especificado,"MINISTÉRIO DA AERONÁUTICA - 1º COMANDO AÉREO REGIONAL - 2ª SEÇÃO DO ESTADO MAIOR REGISTROS DE OBSERVAÇÕES DE OVNI
(Nºs 001 a 130)",,
45,Município de Colares/Pa,PA,Colares,"0º 56' 11.04""","-48º 16' 50.88""",26 nov. 77,00:55,Amarela avermelhada muito intensa,Amarela,Indefinida,Indefinida,Indeterminado,"Irregular, no sentido Noroeste/Sudeste",Irregular/Variável,Sudoeste/Leste,Variável,50 m (estimada),500 m,Equipe do A2/I COMAR,Não especificado,"Baixa velocidade até atingir a margem direita (Ilha de Colares), onde passou a movimentar-se com maior velocidade e de maneira irregular. Desapareceu por interposição de árvores, na Ponta do Bacuri.",Não especificado,"MINISTÉRIO DA AERONÁUTICA - 1º COMANDO AÉREO REGIONAL - 2ª SEÇÃO DO ESTADO MAIOR REGISTROS DE OBSERVAÇÕES DE OVNI
(Nºs 001 a 130)",,
46,Município de Colares/Pa,PA,Colares,"0º 56' 11.04""","-48º 16' 50.88""",26 nov. 77,05:15,"Amarela, emitindo lampejos azulados",Amarela,Indefinida,Indefinida,Não especificado,"Trajetória reta, no sentido Sudoeste/Leste",Trajetória Reta,Norte/Sul,Grande (acima de 800 Km/h),2.000 m (estimada),10.000 m,Equipe do A2/I COMAR,Não especificado,Não se ouviu ruído.,Não especificado,"MINISTÉRIO DA AERONÁUTICA - 1º COMANDO AÉREO REGIONAL - 2ª SEÇÃO DO ESTADO MAIOR REGISTROS DE OBSERVAÇÕES DE OVNI
(Nºs 001 a 130)",,
47,Baia do Sol - Mosqueiro/Pa,PA,Mosqueiro,"-1º 9' 52.56""","-48º 27' 12.96""",26 nov. 77,18:54,"Amarela, luminosidade muito intensa",Corpo Luminoso,Indefinida,Indefinida,Não especificado,"Trajetória reta, no sentido Norte/Sul",Trajetória Reta,Estacionário,Não especificado,200 m (estimada),2.000 m,Cap I Aer HOLIANDA e os Civis UBIRATAN PINON FRIAS e MILTON MENDONÇA,Masculino,"A luminosidade do OVNI aumentava à medida que este penetrava no campo de luz, provocado pelo nascer da lua. Desapareceu encoberto pela copa das árvores.",Não especificado,"MINISTÉRIO DA AERONÁUTICA - 1º COMANDO AÉREO REGIONAL - 2ª SEÇÃO DO ESTADO MAIOR REGISTROS DE OBSERVAÇÕES DE OVNI
(Nºs 001 a 130)",,
48,Ponta do Machadinho - Ilha de Colares/Pa,PA,Colares,"0º 56' 11.04""","-48º 16' 50.88""",27 nov. 77,02:00,Amarela avermelhada,Corpo Luminoso,Indefinida,,Não especificado,Elemento A: Trajetória reta; Elemento B: Estacionário,Estacionário,Não especificado,Baixa,Baixa,3.000 m,Sr HOSIO DE OLIVEIRA,Masculino,"O relator observou dois corpos luminosos. O de maior volume estava estacionário, o menor aproximou-se do maior e depois deslocou-se a baixa altura no rumo de Belém.",Não especificado,"MINISTÉRIO DA AERONÁUTICA - 1º COMANDO AÉREO REGIONAL - 2ª SEÇÃO DO ESTADO MAIOR REGISTROS DE OBSERVAÇÕES DE OVNI
(Nºs 001 a 130)",,
49,Ponta de Machadinho - Ilha de Colares/Pa,Pará,Colares,00°55′S,48°16′W,27 nov. 77,às 02:00 horas,Amarela avermelhada,Amarela,Indefinida,Indefinida,"2,5 cm (moeda de 50 centavos)",Evolução circular em torno da Ponta do Machadinho,Circular,...,Variável,...,6.000m (estimada),Sr. Rósio de Oliveira,...,"Elemento A: Moveu-se para NW dirigindo foco azulado para a água. Elemento B: Moveu-se para leste. Elemento C: Moveu-se para nordeste (COARES), sem emitir foco",...,"MINISTÉRIO DA AERONÁUTICA - 1º COMANDO AÉREO REGIONAL - 2ª SEÇÃO DO ESTADO MAIOR REGISTROS DE OBSERVAÇÕES DE OVNI
(Nºs 001 a 130)",,
50,Canal do Navio - Baía do Marajó/Pa,Pará,Soure/Belém,00°42′S,48°31′W,27 nov. 77,às 02:30 horas,Amarela avermelhada,Amarela,Indefinida,Indefinida,"2,5 cm",Trajetória reta. Sudeste/Noroeste,Reta,Sudeste/Noroeste,Média,...,400m (estimada),Sr. Rósio de Oliveira,...,O OVNI focava em diversas direções um feixe de luz azulada. Não fazia ruído,..,"MINISTÉRIO DA AERONÁUTICA - 1º COMANDO AÉREO REGIONAL - 2ª SEÇÃO DO ESTADO MAIOR REGISTROS DE OBSERVAÇÕES DE OVNI
(Nºs 001 a 130)",,
51,Canal do Cuiririm - Baia do Marajó/Pa,PA,Baía do Marajó,"-1º 0' 0.00""","-49º 30' 0.00""",27 nov. 77,02:40,Corpo luminoso,Corpo Luminoso,,,Indefinida,Não especificado,Não Especificado/Indefinido,Indefinidos,"Trajetória reta, no sentido Sudeste/Noroeste",Baixa,400 m (estimada),5.000 m,Sr ELIAS DE OLIVEIRA,Masculino,"O OVNI foi observado deslocando-se desde a Ponta do Machadinho, cruzando sobre a Ponta do Bacuri, em seguida para o mar (Noroeste).","MINISTÉRIO DA AERONÁUTICA - 1º COMANDO AÉREO REGIONAL - 2ª SEÇÃO DO ESTADO MAIOR REGISTROS DE OBSERVAÇÕES DE OVNI
(Nºs 001 a 130)",,
52,Município de Colares/Pa,PA,Colares,"0º 56' 11.04""","-48º 16' 50.88""",27 nov. 77,19:10,Corpos luminosos (2),Corpo Luminoso,,,Indefinida,Indefinidos,Não Especificado/Indefinido,Não especificado,Elemento A: Trajetória reta; Elemento B: Variável (curva fechada 360°),Média (acima de 600 Km/h),6.000 m (estimada),6.000 m,Equipe do A2/I COMAR,Não especificado,"Os elementos estavam em rota paralela, ao atingirem o centro da abóbada, um deles efetuou uma curva fechada de 360° e retomou o rumo original. Duração de dois minutos.","MINISTÉRIO DA AERONÁUTICA - 1º COMANDO AÉREO REGIONAL - 2ª SEÇÃO DO ESTADO MAIOR REGISTROS DE OBSERVAÇÕES DE OVNI
(Nºs 001 a 130)",,
53,Canal do Navio - Baía do Marajó/Pa,Pará,Soure/Belém,00°42′S,48°31′W,28 nov. 77,às 01:00 horas,Amarela avermelhada,Amarela,Indefinida,Indefinida,"0,60m x 0,90m",Estacionários,Estacionários,...,...,Baixa,4.000m (estimada),Sr. Rósio de Oliveira,...,O maior tinha a forma oval,...,"MINISTÉRIO DA AERONÁUTICA - 1º COMANDO AÉREO REGIONAL - 2ª SEÇÃO DO ESTADO MAIOR REGISTROS DE OBSERVAÇÕES DE OVNI
(Nºs 001 a 130)",,
54,Município de Colares/Pa,Pará,Colares,00°55′S,48°16′W,28 nov. 77,às 19:05 horas,Amarela clara,Amarela,Indefinida,Indefinida,2 cm,"Trajetória curva, sentido Noroeste/Sudeste",Curva,Noroeste/Sudeste,Supersônica,4.000m (estimada),4.000m (estimada),Equipe do A2/I COMAR,...,"Os dois OVNIs efetuaram uma curva, voltando para o rumo Norte",...,"MINISTÉRIO DA AERONÁUTICA - 1º COMANDO AÉREO REGIONAL - 2ª SEÇÃO DO ESTADO MAIOR REGISTROS DE OBSERVAÇÕES DE OVNI
(Nºs 001 a 130)",,
55,Mosqueiro/Pa,PA,Mosqueiro,"-1º 9' 52.56""","-48º 27' 12.96""",28 nov. 77,19:30,Corpos luminosos (vários),Corpo Luminoso,,,Indefinida,20 cm (o maior),Não Especificado/Indefinido,Não especificado,"Variado. O maior, inicialmente estacionário, deslocou-se para NE","O maior, com grande velocidade",700 m (estimada),15.000 m,Sr MIGUEL DA SILVA MOREIRA,Masculino,"O OVNI maior emitia focos de luz azulada. Dois pequenos corpos luminosos aproximaram-se e foram absorvidos pelo maior, que então deslocou-se rapidamente para o Nordeste.","MINISTÉRIO DA AERONÁUTICA - 1º COMANDO AÉREO REGIONAL - 2ª SEÇÃO DO ESTADO MAIOR REGISTROS DE OBSERVAÇÕES DE OVNI
(Nºs 001 a 130)",,
56,Mosqueiro/Pa,PA,Mosqueiro,"-1º 9' 52.56""","-48º 27' 12.96""",28 nov. 77,19:15,Corpo luminoso,Corpo Luminoso,,,Indefinida,Não especificado,Não Especificado/Indefinido,Não especificado,"Trajetória reta, no sentido Sudeste/Nordeste",Média (500 Km/h),700 m (estimada),Não especificado,Sr MIGUEL DA SILVA MOREIRA,Masculino,Um pequeno avião passava no través de Mosqueiro. O OVNI cruzou em nível mais baixo.,"MINISTÉRIO DA AERONÁUTICA - 1º COMANDO AÉREO REGIONAL - 2ª SEÇÃO DO ESTADO MAIOR REGISTROS DE OBSERVAÇÕES DE OVNI
(Nºs 001 a 130)",,
57,Município de Colares/Pa,PA,Colares,"0º 56' 11.04""","-48º 16' 50.88""",28 nov. 77,19:30,Corpo luminoso,Corpo Luminoso,,,Indefinida,Não especificado,Não Especificado/Indefinido,Não especificado,"Trajetória reta, no sentido Sudeste/Noroeste",Média,2.000 m (estimada),2.000 m,Equipe do A2/I COMAR,Não especificado,Desapareceram no centro da abóbada celeste.,"MINISTÉRIO DA AERONÁUTICA - 1º COMANDO AÉREO REGIONAL - 2ª SEÇÃO DO ESTADO MAIOR REGISTROS DE OBSERVAÇÕES DE OVNI
(Nºs 001 a 130)",,
58,Baia do Sol - Mosqueiro/Pa,PA,Mosqueiro,"-1º 9' 52.56""","-48º 27' 12.96""",28 nov. 77,19:30,Corpo luminoso,Corpo Luminoso,,,Indefinida,Não especificado,Não Especificado/Indefinido,Não especificado,"Inicialmente estacionário, deslocou-se para Leste",Supersônica,"300 m (estimada), vertical",300 m,Cap I Aer HOLIANDA,Masculino,"O OVNI emitiu uma série de quatro focos de luz azul. Em seguida, deslocou-se para Leste.","MINISTÉRIO DA AERONÁUTICA - 1º COMANDO AÉREO REGIONAL - 2ª SEÇÃO DO ESTADO MAIOR REGISTROS DE OBSERVAÇÕES DE OVNI
(Nºs 001 a 130)",,
59,Município de Colares/Pa,Pará,Colares,00°55′S,48°16′W,2 dez. 77,às 19:22 horas,Amarela avermelhada,Amarela,Indefinida,Indefinida,2 cm,"Trajetória reta, no sentido Sudoeste/Nordeste",Reta,Sudoeste/Nordeste,Grande (acima de 800 Km/h),3.000m (estimada),15.000m (estimada),Equipe do A2/I COMAR,...,Visível até a linha do horizonte. Duração da passagem: 2 minutos.,...,"MINISTÉRIO DA AERONÁUTICA - 1º COMANDO AÉREO REGIONAL - 2ª SEÇÃO DO ESTADO MAIOR REGISTROS DE OBSERVAÇÕES DE OVNI
(Nºs 001 a 130)",,
60,Município de Colares/Pa,Pará,Colares,00°55′S,48°16′W,4 dez. 77,às 19:05 horas,Branca azulada,Branca,Indefinida,Indefinida,...,Sentido Sudoeste/Nordeste. Mudança brusca de direção,Curva,Sudoeste/Nordeste,Grande (acima de 800 Km/h),"12.000m (estimada), na vertical","12.000m (estimada), na vertical",Equipe do A2/I COMAR,...,Ao atingir o Centro da abóbada bruscamente parou e fez uma curva fechada à esquerda,...,"MINISTÉRIO DA AERONÁUTICA - 1º COMANDO AÉREO REGIONAL - 2ª SEÇÃO DO ESTADO MAIOR REGISTROS DE OBSERVAÇÕES DE OVNI
(Nºs 001 a 130)",,
61,Baia do Sol - Mosqueiro/Pa,PA,Mosqueiro,"-1º 9' 52.56""","-48º 27' 12.96""",07 dez. 77,22:40,Corpo luminoso,,,,Indefinida,Não especificado,Não Especificado/Indefinido,,"Trajetória reta, sobre a Ilha de Colares (rumo Noroeste)",Não especificado,"60 m (estimada), sobre as árvores",3.000 m,"Cap I Aer HOLIANDA, UBIRATAN PINON FRIAS, MILTON MENDONÇA",Masculino,O brilho muito intenso prejudicou melhor observação.,"MINISTÉRIO DA AERONÁUTICA - 1º COMANDO AÉREO REGIONAL - 2ª SEÇÃO DO ESTADO MAIOR REGISTROS DE OBSERVAÇÕES DE OVNI
(Nºs 001 a 130)",,
62,Baia do Sol - Mosqueiro/Pa,PA,Mosqueiro,"-1º 9' 52.56""","-48º 27' 12.96""",09 dez. 77,22:50,Corpo luminoso,,,,Indefinida,5 cm,,,Trajetória ligeiramente curva à direita. Sudoeste/Leste,Média (acima de 300 Km/h),2.000 m (estimada),6.000 m (estimada média); 3.000 m (quando mais próximo),"1S Q AT MT FLAVIO, Civil UBIRATAN PINON FRIAS",Masculino,O OVNI movimentava-se como se animado por impulsos; acentuou sua trajetória curva para a direita. Variação de intensidade luminosa. Não se ouvia ruído. Mudança de rota após tentativa de interceptação.,"MINISTÉRIO DA AERONÁUTICA - 1º COMANDO AÉREO REGIONAL - 2ª SEÇÃO DO ESTADO MAIOR REGISTROS DE OBSERVAÇÕES DE OVNI
(Nºs 001 a 130)",,
63,Rio Guajará - Ananindeua,PA,Ananindeua,-13.637,-483.721,09 dez. 77,23:50,Amarela avermelhada,Amarela avermelhada,Indefinida,Indefinida,15 cm,"Trajetória reta, acompanhando a calha do rio",Reta,Norte/Sul,Média (acima de 300 Km/h),50m (estimada),300m (estimada),Equipe do A2/I COAR,M/F,"Passagem muito rápida. Para alguns elementos da equipe, o CL parecia um balão (forma)",-,"MINISTÉRIO DA AERONÁUTICA - 1º COMANDO AÉREO REGIONAL - 2ª SEÇÃO DO ESTADO MAIOR REGISTROS DE OBSERVAÇÕES DE OVNI
(Nºs 001 a 130)",,
64,Baía do Sol - Mosqueiro,PA,Mosqueiro,-11.641,-484.534,10 dez. 77,00:45,Amarela avermelhada,Amarela avermelhada,Indefinida,Indefinida,10 cm,"Trajetória reta, no sentido Noroeste/Sudeste",Reta,Noroeste/Sudeste,Baixa (-200 Km/h),2.000m (estimada),5.000m (estimada),"1S Q AT MT FLAVIO, Civis Ubiratan Pinon Frias, F.M. Freitas Costa, Célia Montenegro",M/F,"O OVNI dirigiu-se ao solo, emitindo focos azulados. Não foi observado qualquer ruído.",Cópia de uma fotografia,"MINISTÉRIO DA AERONÁUTICA - 1º COMANDO AÉREO REGIONAL - 2ª SEÇÃO DO ESTADO MAIOR REGISTROS DE OBSERVAÇÕES DE OVNI
(Nºs 001 a 130)",,
65,Rio Guajará - Ananindeua,PA,Ananindeua,-13.637,-483.721,10 dez. 77,00:50,Amarela avermelhada,Amarela avermelhada,Indefinida,Indefinida,25 cm,Irregular (variando em zig-zag),Irregular,Sudeste/Noroeste,Variável (impulsos de aceleração),50m (estimada),2.000m (estimada),Equipe do A2/I COAR,M/F,"O OVNI efetuou várias evoluções, mudando constantemente de proa. Ausência total de ruídos ou deslocamento de ar. Cópia de 09 fotos.",Cópia de 09 fotos,"MINISTÉRIO DA AERONÁUTICA - 1º COMANDO AÉREO REGIONAL - 2ª SEÇÃO DO ESTADO MAIOR REGISTROS DE OBSERVAÇÕES DE OVNI
(Nºs 001 a 130)",,
66,Rio Guajará - Ananindeua,PA,Ananindeua,-13.637,-483.721,10 dez. 77,01:50,Avermelhada,Avermelhada,Indefinida,Indefinida,30 cm,"Irregular, sentido Sul/Norte",Irregular,Sul/Norte,Variável. Média - 200 Km/h,100m (estimada),500m (estimada),Equipe do A2/I COAR,M/F,"O OVNI efetuou várias evoluções, com velocidade variável. Cópia de 04 fotos.",Cópia de 04 fotos,"MINISTÉRIO DA AERONÁUTICA - 1º COMANDO AÉREO REGIONAL - 2ª SEÇÃO DO ESTADO MAIOR REGISTROS DE OBSERVAÇÕES DE OVNI
(Nºs 001 a 130)",,
67,Baía do Sol - Mosqueiro,PA,Mosqueiro,-11.641,-484.534,10 dez. 77,20:30/20:35,Indefinida,Indefinida,Indefinida,Indefinida,Indefinido,"Estacionário, setor Norte",Estacionário,Norte,...,300m (estimada),3.000m (estimada),"1S Q AT MT FLAVIO, Civis A.N. Dias, F.M. Costa Dias, F.M. Freitas Costa",M/F,Curtos períodos de visibilidade (explosões). Possível troca de posição. Cópia de uma fotografia.,Cópia de uma fotografia,"MINISTÉRIO DA AERONÁUTICA - 1º COMANDO AÉREO REGIONAL - 2ª SEÇÃO DO ESTADO MAIOR REGISTROS DE OBSERVAÇÕES DE OVNI
(Nºs 001 a 130)",,
68,Baía do Sol - Mosqueiro,PA,Mosqueiro,-11.641,-484.534,11 dez. 77,03:25,Amarela clara (pálida),Amarela clara,Indefinida,Indefinida,10 cm,"Trajetória reta, sentido Sudoeste/Noroeste",Reta,Sudoeste/Noroeste,Baixa (-200 Km/h),3.000m (estimada),1.500m (estimada),"1S Q AT MT FLAVIO, Civis A.N. Dias, F.M. Costa Dias, F.M. Freitas Costa",M/F,O CL maior era acompanhado por um menor. Cópia de 11 fotos.,Cópia de 11 fotos,"MINISTÉRIO DA AERONÁUTICA - 1º COMANDO AÉREO REGIONAL - 2ª SEÇÃO DO ESTADO MAIOR REGISTROS DE OBSERVAÇÕES DE OVNI
(Nºs 001 a 130)",,
69,Baía do Sol - Mosqueiro,PA,Mosqueiro,-11.641,-484.534,13 dez. 77,20:45,Amarela clara,Amarela clara,Indefinida,Indefinida,Indefinido,"Trajetória reta, sentido Noroeste/Sudeste",Reta,Noroeste/Sudeste,Média,12.000m (estimada),3.000m (estimada),"1S Q AT MT FLAVIO, Civis Ubiratan Pinon Frias, F.M. Freitas Costa, Célia Montenegro",M/F,"O CL perdeu altura e ""apagou"" em frente à Ponta do Machadinho. Brilho intenso. Cópia de uma fotografia.",Cópia de uma fotografia,"MINISTÉRIO DA AERONÁUTICA - 1º COMANDO AÉREO REGIONAL - 2ª SEÇÃO DO ESTADO MAIOR REGISTROS DE OBSERVAÇÕES DE OVNI
(Nºs 001 a 130)",,
70,Baía do Sol - Mosqueiro,PA,Mosqueiro,-11.641,-484.534,13 dez. 77,21:05,Amarela avermelhada,Amarela avermelhada,Indefinida,Indefinida,30 cm,Aparentemente estacionário,Estacionário,...,...,1.000m (estimada),500m (estimada),"1S Q AT MT FLAVIO, Civis Ubiratan Pinon Frias, F.M. Freitas Costa, Célia Montenegro",M/F,Não se ouviu ruído. Cópia de três fotos.,Cópia de três fotos,"MINISTÉRIO DA AERONÁUTICA - 1º COMANDO AÉREO REGIONAL - 2ª SEÇÃO DO ESTADO MAIOR REGISTROS DE OBSERVAÇÕES DE OVNI
(Nºs 001 a 130)",,
71,Baía do Sol - Mosqueiro,PA,Mosqueiro,-11.641,-484.534,13 dez. 77,23:55,Amarela avermelhada,Amarela avermelhada,Indefinida,Indefinida,5 cm,"Trajetória reta, sentido Noroeste/Sudeste",Reta,Noroeste/Sudeste,Média (acima de 300 Km/h),2.000m (estimada),4.000m (estimada),"1S Q AT MT FLAVIO, Civis Ubiratan Pinon Frias, F.M. Freitas Costa",M/F,Passagem sobre a Ilha de Colares. Cópia de uma fotografia.,Cópia de uma fotografia,"MINISTÉRIO DA AERONÁUTICA - 1º COMANDO AÉREO REGIONAL - 2ª SEÇÃO DO ESTADO MAIOR REGISTROS DE OBSERVAÇÕES DE OVNI
(Nºs 001 a 130)",,
72,Baía do Sol - Mosqueiro,PA,Mosqueiro,-11.641,-484.534,14 dez. 77,00:45,Amarela avermelhada,Amarela avermelhada,Indefinida,Indefinida,5 cm,"Trajetória reta, sentido Noroeste/Sudeste",Reta,Noroeste/Sudeste,Média (acima de 300,,,,,,,"MINISTÉRIO DA AERONÁUTICA - 1º COMANDO AÉREO REGIONAL - 2ª SEÇÃO DO ESTADO MAIOR REGISTROS DE OBSERVAÇÕES DE OVNI
(Nºs 001 a 130)",,
75,Rodovia PA-47 - Fazenda JEJU/PIÇARREIRA,Pará,São Domingos do Capim,-,-,16 dez. 77,23:50,"Amarela clara, brilhante",Amarela,Indefinida,Indefinida,2 a 3 cm (à distância como uma estrela),"Trajetória reta, descendo. Sentido Sudeste/Noroeste","Reta, descendente",Sudeste/Noroeste,Média (acima de 300Km/h),600m,"4.000m (estimada), Mais próxima 300m",Equipe do A2/I COMAR,Masculino e Feminino (misto),"O OVNI, à distância, parecia uma estrela muito grande e brilhante, ao nivelar (300m) ficou encoberto pelo mato alto. A equipe deslocou-se a pé para melhor observar.",Cópia de 06 (seis) fotografias,"MINISTÉRIO DA AERONÁUTICA - 1º COMANDO AÉREO REGIONAL - 2ª SEÇÃO DO ESTADO MAIOR REGISTROS DE OBSERVAÇÕES DE OVNI
(Nºs 001 a 130)",,
76,Rod. PA-47 - Faz. JEJU/PIÇARREIRA - Mun. de São Domingos do Capim/Pa,Pará,São Domingos do Capim,-,-,17 dez. 77,00:30,"Amarela avermelhada, com reflexos azulados",Amarela avermelhada,Circular (afunilada),Circular,50 cm,"Girando (pião) e ondulante, no sentido Noroeste/Sudeste","Giratório, ondulante",Noroeste/Sudeste,"Variável, subida vagarosa. Acelerou aumentando na subida.","400m (estimada), baixou para 70m","100m (estimada), quando o OVNI estava mais baixo",Equipe do A2/I COMAR,Masculino e Feminino (misto),"O OVNI mudava de cor, passando do branco azulado muito intenso para o vermelho rubro, variando sua luminosidade e velocidade. Os elementos da Equipe não observaram sua ascensão. Desapareceu por interposição de árvores.",Cópia de um croquis e 26 (vinte e seis) fotografias,"MINISTÉRIO DA AERONÁUTICA - 1º COMANDO AÉREO REGIONAL - 2ª SEÇÃO DO ESTADO MAIOR REGISTROS DE OBSERVAÇÕES DE OVNI
(Nºs 001 a 130)",,
77,Rod. PA-47 - Faz. JEJU - Mun. de São Domingos do Capim/Pa,Pará,São Domingos do Capim,-,-,20 dez. 77,23:55,Amarela avermelhada,Amarela avermelhada,Indefinida,Indefinida,-,"Trajetória ligeiramente curva, Sentido Noroeste/Sudeste",Curva leve,Noroeste/Sudeste,Baixa (200 Km/h),"2.000m (estimada), baixando para 1.500m",4.000m (estimada),Equipe do A2/I COMAR,Masculino e Feminino (misto),-,Um croquis,"MINISTÉRIO DA AERONÁUTICA - 1º COMANDO AÉREO REGIONAL - 2ª SEÇÃO DO ESTADO MAIOR REGISTROS DE OBSERVAÇÕES DE OVNI
(Nºs 001 a 130)",,
78,Rod. 47-PA - Colônia 3 de Outubro - Mun. São Domingos do Capim/Pa,Pará,São Domingos do Capim,-,-,20 dez. 77,23:58,Amarela avermelhada,Amarela avermelhada,Indefinida,Indefinida,1 cm,"Trajetória curva, no sentido SE/SW",Curva,SE/SW,Baixa (-200Km/h),2.000m (estimada),1.500m (estimada),Equipe do A2/I COMAR,Masculino e Feminino (misto),O OVNI cruzou o ponto de observação em curva ascendente à distância de 4.500m.,Um croquis,"MINISTÉRIO DA AERONÁUTICA - 1º COMANDO AÉREO REGIONAL - 2ª SEÇÃO DO ESTADO MAIOR REGISTROS DE OBSERVAÇÕES DE OVNI
(Nºs 001 a 130)",,
79,Baía do Sol - Mosqueiro/Pa,Pará,Mosqueiro,-,-,21 dez. 77,23:30,"Amarela fosca, lampejos azulados bastante esparsos",Amarela,Indefinida,Indefinida,5 cm,"Trajetória reta, ligeiras paradas (serpenteando). Sentido Leste/Oeste.","Reta, com paradas",Leste/Oeste,Média (-300Km/h),2.000m (estimada),1.800m (estimada),"1S Q AT MT FLAVIO e os Civis UBIRATAN PINON FRIAS, Sra F.M. FREITAS COSTA e Srta CELIA MONTENEGRO",Masculino e Feminino (misto),-,-,"MINISTÉRIO DA AERONÁUTICA - 1º COMANDO AÉREO REGIONAL - 2ª SEÇÃO DO ESTADO MAIOR REGISTROS DE OBSERVAÇÕES DE OVNI
(Nºs 001 a 130)",,
80,Baía do Sol - Mosqueiro/Pa,PA,Mosqueiro,-1.3088 S,-48.5135 W,22 dez. 77,01:30,Amarela avermelhada,Amarelo,Indefinida,Indefinida,15 cm,Sentido Leste/Sudoeste,Curva,Sudeste,Média (500km/h),1.100m,1.000m,"1S Q AT MT FLAVIO e os Civis Ubiratan Pinon Frias, Sra F.M. Freitas Costa e Sra Célia Montenegro",,"O OVNI efetuou curvas acentuadas à esquerda (SE), aumentando sua velocidade em subida. Desapareceu rapidamente.",Cópia de 04 (quatro) fotografias,"MINISTÉRIO DA AERONÁUTICA - 1º COMANDO AÉREO REGIONAL - 2ª SEÇÃO DO ESTADO MAIOR REGISTROS DE OBSERVAÇÕES DE OVNI
(Nºs 001 a 130)",,
81,Baía do Sol - Mosqueiro/Pa,PA,Mosqueiro,-1.3088 S,-48.5135 W,22 dez. 77,03:20,Amarela avermelhada,Amarelo,Indefinida,Indefinida,5 cm,Trajetória reta,Reta,Sudeste/Noroeste,Média (-500 Km/h),1.500m,1.000m,"1S Q AT MT FLAVIO e os Civis Ubiratan Pinon Frias, Sra F.M. Freitas Costa e Sra Célia Montenegro",,O OVNI passou a emitir lampejos azulados quando bastante afastado (8.000m) do ponto de observação. Movimento Acelerado contínuo.,,"MINISTÉRIO DA AERONÁUTICA - 1º COMANDO AÉREO REGIONAL - 2ª SEÇÃO DO ESTADO MAIOR REGISTROS DE OBSERVAÇÕES DE OVNI
(Nºs 001 a 130)",,
82,Baía do Sol - Mosqueiro/Pa,PA,Mosqueiro,-1.3088 S,-48.5135 W,22 dez. 77,05:20,Amarela avermelhada,Amarelo,Indefinida,Indefinida,3 cm,Trajetória reta,Reta,Sudeste/Norte,Média (-500 Km/h),1.000m,2.000m,"1S Q AT MT FLAVIO e os Civis Ubiratan Pinon Frias, Sra F.M. Freitas Costa e Sra Célia Montenegro",,Não se observou deslocamento de ar ou ruído.,,"MINISTÉRIO DA AERONÁUTICA - 1º COMANDO AÉREO REGIONAL - 2ª SEÇÃO DO ESTADO MAIOR REGISTROS DE OBSERVAÇÕES DE OVNI
(Nºs 001 a 130)",,
83,Município de Colares/Pa,PA,Colares,-1.3088 S,-48.5135 W,23 jan. 78,23:30,Avermelhada escura,Amarelo,Arredondada,Chapéu de abas curtas,"2,00m",Estacionário,Deslocou-se ganhando,Noroeste,Supersônica (ao decolar-se),No solo,400m,Sr Manoel João de Oliveira Filho,,"O relator observou o OVNI pousado por um período de 10 minutos, tentou chamar seus companheiros, ao voltar o objeto já se deslocava.",,"MINISTÉRIO DA AERONÁUTICA - 1º COMANDO AÉREO REGIONAL - 2ª SEÇÃO DO ESTADO MAIOR REGISTROS DE OBSERVAÇÕES DE OVNI
(Nºs 001 a 130)",,
84,Rio Guajará (Olaria Keuffer) - Benfica/Pa,PA,Benfica (Belém),-1.3088 S,-48.5135 W,23 jan. 78,23:53,Amarela avermelhada,Amarelo,Indefinida,Indefinida,10cm,"Inicialmente reta, depois curva",Retornou,Norte/Sul,Média (~500km/h),300m,1.000m,Equipe do A2/I COMAR,,"Efetuou curva à esquerda, ziguezagueando. Duração da passagem 60 segundos.",,"MINISTÉRIO DA AERONÁUTICA - 1º COMANDO AÉREO REGIONAL - 2ª SEÇÃO DO ESTADO MAIOR REGISTROS DE OBSERVAÇÕES DE OVNI
(Nºs 001 a 130)",,
85,Rio Guajará (Olaria Keuffer) - Benfica,PA,Benfica (Belém),-1.3088 S,-48.5135 W,24 jan. 78,00:09,Amarela avermelhada,Amarelo,Indefinida,Indefinida,5 cm,Trajetória reta,Média,Noroeste/Sul,Média (~500km/h),300m,1.000m,Equipe do A2/I COMAR,,Ausência de ruído. Passagem rápida (m/l 1 minuto).,,"MINISTÉRIO DA AERONÁUTICA - 1º COMANDO AÉREO REGIONAL - 2ª SEÇÃO DO ESTADO MAIOR REGISTROS DE OBSERVAÇÕES DE OVNI
(Nºs 001 a 130)",,
86,Rio Guajará - Benfica (Pa),PA,Benfica (Belém),-1.3088 S,-48.5135 W,24 jan. 78,01:42,Amarela avermelhada,Amarelo,Indefinida,Indefinida,15 a 20cm,Trajetória curva,Média,Noroeste/Sudeste,Média (~500km/h),200m,3.000m,Equipe do A2/I COMAR,,Desaparecimento por interposição de árvores.,,"MINISTÉRIO DA AERONÁUTICA - 1º COMANDO AÉREO REGIONAL - 2ª SEÇÃO DO ESTADO MAIOR REGISTROS DE OBSERVAÇÕES DE OVNI
(Nºs 001 a 130)",,
87,Município de COLARES/Pa,PA,Colares,...,...,27 jan. 78,às 03:00 horas,Luminosidade azulada. Objeto de cor escura,Azulada,"Circular, provida de pequenas asas e dois tubos na parte frontal.",Circular,"2,00m de diâmetro","Trajetória reta (vôo picado, freando), procedente de NE",Reta,NE,Variável,"Baixa, pouco acima da praia",300m (estimada),Sr RAIMUNDO COSTA LEITE,Masculino,...,...,"MINISTÉRIO DA AERONÁUTICA - 1º COMANDO AÉREO REGIONAL - 2ª SEÇÃO DO ESTADO MAIOR REGISTROS DE OBSERVAÇÕES DE OVNI
(Nºs 001 a 130)",Relatórios Confidenciais de Observações de OVNIs: Análises e Registros do 1º Comando Aéreo Regional (1977-1978),Sim
88,"Rio Laranjeira (afluente do Rio Guajará), CIMATRO-Belém/Pa",PA,Belém,...,...,27 jan. 78,às 23:32 horas,"Amarela avermelhada, fosca",Amarela,Indefinida,Indefinida,10cm,"Trajetória ligeiramente curva, Sudeste/Sudoeste",Curva,SE/SO,Baixa (-200Km/h),300m (estimada),"1.000m (estimada), quando mais próximo",Equipe do A2/I COMAR,...,...,...,"MINISTÉRIO DA AERONÁUTICA - 1º COMANDO AÉREO REGIONAL - 2ª SEÇÃO DO ESTADO MAIOR REGISTROS DE OBSERVAÇÕES DE OVNI
(Nºs 001 a 130)",Relatórios Confidenciais de Observações de OVNIs: Análises e Registros do 1º Comando Aéreo Regional (1977-1978),Sim
89,Rio Laranjeira - CIMATRO-VOLKSWAGEN - Belém/Pa,PA,Belém,...,...,28 jan. 78,às 01:08 horas,Amarela avermelhada,Amarela,Indefinida,Indefinida,10cm,"Trajetória em suave curva à esquerda, sentido Norte/Sul",Curva,N/S,Média (~300 Km/h),300m (estimada),1.500m (estimada),Equipe do A2/I COMAR,...,...,...,"MINISTÉRIO DA AERONÁUTICA - 1º COMANDO AÉREO REGIONAL - 2ª SEÇÃO DO ESTADO MAIOR REGISTROS DE OBSERVAÇÕES DE OVNI
(Nºs 001 a 130)",,
90,Município de COLARES/Pa - Praia do Cajueiro,PA,Colares,...,...,05 fev. 78,às 05:30 horas,"Avermelhada, na parte central, área retangular, mais clara",Avermelhada,Rede invertida (semi-circular ou semi-oval),Rede,"3,00m","Em ascenção lenta, trajetória reta",Reta,Norte,Baixa,30m (estimada),400m (estimada),Sr MANOEL JOÃO DE OLIVEIRA,Masculino,...,...,"MINISTÉRIO DA AERONÁUTICA - 1º COMANDO AÉREO REGIONAL - 2ª SEÇÃO DO ESTADO MAIOR REGISTROS DE OBSERVAÇÕES DE OVNI
(Nºs 001 a 130)",,
91,Rodovia PA-17 - (Belém-Mosqueiro/Pa),PA,Belém,...,...,13 fev. 78,às 23:40 horas,Amarela avermelhada,Amarela,Indefinida,Indefinida,15cm,"Trajetória reta, sentido Noroeste/Sudeste (zig-zag)",Zig-zag,NO/SE,Baixa (-200 Km/h),500m (estimada),1.000m (estimada),"TEN VASCONCELOS, 1S Q AT MT FLAVIO e os Civis V. MELLO (Piloto) e A. MELLO (Engº Civil)",Masculino,...,...,"MINISTÉRIO DA AERONÁUTICA - 1º COMANDO AÉREO REGIONAL - 2ª SEÇÃO DO ESTADO MAIOR REGISTROS DE OBSERVAÇÕES DE OVNI
(Nºs 001 a 130)",,
92,Município de COLARES/Pa,PA,Colares,...,...,18 fev. 78,às 20:25 horas,"Amarela avermelhada, emitindo lampejos azulados",Amarela,Indefinida,Indefinida,5cm,"Zig-zag, no sentido Oeste/Leste",Zig-zag,O/L,Supersônica,3.000m (estimada),3.000m (estimada),1S Q AT MT FLAVIO e Sra F.M. FREITAS COSTA,Feminino,...,...,"MINISTÉRIO DA AERONÁUTICA - 1º COMANDO AÉREO REGIONAL - 2ª SEÇÃO DO ESTADO MAIOR REGISTROS DE OBSERVAÇÕES DE OVNI
(Nºs 001 a 130)",Relatórios Confidenciais de Observações de OVNIs: Análises e Registros do 1º Comando Aéreo Regional (1977-1978),Sim
93,Município de COLARES/Pa,PA,Colares,...,...,22 fev. 78,às 19:15 horas,Amarela avermelhada,Amarela,Indefinida,Indefinida,3 cm,"Zig-zag, acelerando constantemente. Sentido Noroeste/SE",Zig-zag,NO/SE,Média (~500 Km/h),2.000m (estimada),"2.000m (estimada), na vertical",1S Q AT MT FLAVIO e Sra F.M. FREITAS COSTA,Feminino,...,...,"MINISTÉRIO DA AERONÁUTICA - 1º COMANDO AÉREO REGIONAL - 2ª SEÇÃO DO ESTADO MAIOR REGISTROS DE OBSERVAÇÕES DE OVNI
(Nºs 001 a 130)",Relatórios Confidenciais de Observações de OVNIs: Análises e Registros do 1º Comando Aéreo Regional (1977-1978),Sim
94,Município de COLARES/Pa,PA,Colares,...,...,26 fev. 78,às 00:30 horas,Amarela avermelhada,Amarela,Indefinida,Indefinida,5 cm,"Trajetória reta, no sentido Nordeste/Sudoeste",Reta,NE/SO,Média (~500 Km/h),1.500m (estimada),500m (estimada),Padre ALFREDO DE LA Ó,Masculino,...,...,"MINISTÉRIO DA AERONÁUTICA - 1º COMANDO AÉREO REGIONAL - 2ª SEÇÃO DO ESTADO MAIOR REGISTROS DE OBSERVAÇÕES DE OVNI
(Nºs 001 a 130)",Relatórios Confidenciais de Observações de OVNIs: Análises e Registros do 1º Comando Aéreo Regional (1977-1978),Sim
95,Município de COLARES/Pa,PA,Colares,...,...,26 fev. 78,às 18:40 horas,"Amarela avermelhada, lampejos azulados (poucos)",Amarela,Indefinida,Indefinida,3 cm,Trajetória em suave curva à esquerda. Sentido Oeste/Leste,Curva,O/L,Média (~500 Km/h),3.000m (estimada),"3.000m (estimada), na vertical",1S Q AT MT FLAVIO e Sra F.M. FREITAS COSTA,Feminino,...,...,"MINISTÉRIO DA AERONÁUTICA - 1º COMANDO AÉREO REGIONAL - 2ª SEÇÃO DO ESTADO MAIOR REGISTROS DE OBSERVAÇÕES DE OVNI
(Nºs 001 a 130)",Relatórios Confidenciais de Observações de OVNIs: Análises e Registros do 1º Comando Aéreo Regional (1977-1978),Sim
96,Município de COLARES/Pa,PA,Colares,...,...,26 fev. 78,às 19:25 horas,"Amarela, brilho intenso",Amarela,Circular,Circular,3 cm,"Trajetória reta, no sentido Noroeste/Sul",Reta,NO/S,Baixa (-200 Km/h),1.500m (estimada),3.000m (estimada),1S Q AT MT FLAVIO e Sra F.M. FREITAS COSTA,Feminino,...,...,"MINISTÉRIO DA AERONÁUTICA - 1º COMANDO AÉREO REGIONAL - 2ª SEÇÃO DO ESTADO MAIOR REGISTROS DE OBSERVAÇÕES DE OVNI
(Nºs 001 a 130)",Relatórios Confidenciais de Observações de OVNIs: Análises e Registros do 1º Comando Aéreo Regional (1977-1978),Sim
97,Município de Colares/Pa,PA,Colares,-1.3088 S,-48.5135 W,26 fev. 78,19:35,Amarela avermelhada,Amarelo,Indefinida,Indefinida,10 cm,Trajetória reta,Variável,Oeste/Sudeste,Variável,1.000m,1.000m,"1S Q AT MT FLAVIO e os Civis Ubiratan Pinon Frias, Sra P.M. Freitas Costa e Sra Celia Montenegro",,"Avistamento inicial no horizonte (30º). Desapareceu ao atingir 2/3 da abóbada, em curva ascendente.",,"MINISTÉRIO DA AERONÁUTICA - 1º COMANDO AÉREO REGIONAL - 2ª SEÇÃO DO ESTADO MAIOR REGISTROS DE OBSERVAÇÕES DE OVNI
(Nºs 001 a 130)",Relatórios Confidenciais de Observações de OVNIs: Análises e Registros do 1º Comando Aéreo Regional (1977-1978),Sim
98,Município de Colares/Pa,PA,Colares,-1.3088 S,-48.5135 W,28 fev. 78,20:05,Amarela clara,Amarelo,Indefinida,Indefinida,30 cm,Trajetória reta,Variável,Sudeste/Oeste,Variável,100m,1.000m,1S Q AT MT FLAVIO e Sra P.M. Freitas Costa,,"Ao atingir o Canal do Navio (8.000m) de distância, o OVNI acelerou subindo e desapareceu a 300m de altitude.",,"MINISTÉRIO DA AERONÁUTICA - 1º COMANDO AÉREO REGIONAL - 2ª SEÇÃO DO ESTADO MAIOR REGISTROS DE OBSERVAÇÕES DE OVNI
(Nºs 001 a 130)",,
99,Município de Colares/Pa,PA,Colares,-1.3088 S,-48.5135 W,02 mar. 78,01:30,Amarela avermelhada,Amarelo,Indefinida,Indefinida,3 cm,Trajetória reta,Média,Noroeste/Sudeste,Média (-500 Km/h),4.000m,5.000m,1S Q AT MT FLAVIO,,Desapareceu por interposição de árvores (Ponta do Bacuri).,,"MINISTÉRIO DA AERONÁUTICA - 1º COMANDO AÉREO REGIONAL - 2ª SEÇÃO DO ESTADO MAIOR REGISTROS DE OBSERVAÇÕES DE OVNI
(Nºs 001 a 130)",Relatórios Confidenciais de Observações de OVNIs: Análises e Registros do 1º Comando Aéreo Regional (1977-1978),Sim
100,Município de Colares/Pa,PA,Colares,-1.3088 S,-48.5135 W,03 mar. 78,05:25,"Amarela clara, fosca",Amarelo,Indefinida,Indefinida,10 cm,Trajetória reta,Baixa (-200 Km/h),Sudeste/Oeste,Baixa (-200 Km/h),200m,2.000m,1S Q AT MT FLAVIO,,"O OVNI afastou-se à baixa velocidade, desaparecendo às proximidades do Canal do Navio.",,"MINISTÉRIO DA AERONÁUTICA - 1º COMANDO AÉREO REGIONAL - 2ª SEÇÃO DO ESTADO MAIOR REGISTROS DE OBSERVAÇÕES DE OVNI
(Nºs 001 a 130)",Relatórios Confidenciais de Observações de OVNIs: Análises e Registros do 1º Comando Aéreo Regional (1977-1978),Sim
101,Município de Colares/Pa,PA,Colares,-1.3088 S,-48.5135 W,28 mar. 78,20:30,Amarela avermelhada,Amarelo,Indefinida,Indefinida,...,"Trajetória reta, curva",Média,Noroeste/Sudeste,Média,2.000m,800m,Padre ALFREDO DE LA Ó,,Ao chegar às proximidades do Farol efetuou curva acentuada para o Norte.,,"MINISTÉRIO DA AERONÁUTICA - 1º COMANDO AÉREO REGIONAL - 2ª SEÇÃO DO ESTADO MAIOR REGISTROS DE OBSERVAÇÕES DE OVNI
(Nºs 001 a 130)",,
102,Campinas da Vigia - Município de Vigia/Pa,PA,Vigia,-0.8577 S,-48.1388 W,18 abr. 78,20:20,Indefinida,Incolor,Circular,Circular,"3,00m","Trajetória reta, curva",Inicialmente grande,Sudeste/Nordeste,Inicialmente grande,100m,100m,Padre ALFREDO DE LA Ó,,"Deslocava-se em baixa altitude e em grande velocidade, enquanto rodava, diminuindo como se fosse pousar.",,"MINISTÉRIO DA AERONÁUTICA - 1º COMANDO AÉREO REGIONAL - 2ª SEÇÃO DO ESTADO MAIOR REGISTROS DE OBSERVAÇÕES DE OVNI
(Nºs 001 a 130)",,
103,Praia do Caracarí - Litoral de Bragança/Pa,PA,Bragança,-0.7500 S,-46.6175 W,29 abr. 78,19:00,"Amarela avermelhada, brilho intenso",Amarelo,Indefinida,Indefinida,"0,50m","Trajetória reta, curva",Super sônica,Sudeste/Oeste,Super sônica,...,1.000m,Sr JOSÉ DE RIBAMAR VIANA DA COSTA,,"O OVNI dirigiu três focos de luz azul muito intenso, refletindo um grande clarão na superfície do mar.",,"MINISTÉRIO DA AERONÁUTICA - 1º COMANDO AÉREO REGIONAL - 2ª SEÇÃO DO ESTADO MAIOR REGISTROS DE OBSERVAÇÕES DE OVNI
(Nºs 001 a 130)",,
104,Praia do Caracarí - Litoral de Bragança/Pa,PA,Bragança,-0.7500 S,-46.6175 W,29 abr. 78,19:30,Amarela clara,Amarelo,Indefinida,Indefinida,...,"Em formação (cunha), reta",Grande,Sul/Norte,Grande,...,...,Sr JOSÉ DE RIBAMAR VIANA DA COSTA,,,,"MINISTÉRIO DA AERONÁUTICA - 1º COMANDO AÉREO REGIONAL - 2ª SEÇÃO DO ESTADO MAIOR REGISTROS DE OBSERVAÇÕES DE OVNI
(Nºs 001 a 130)",,
105,Município de BENEVIDES/Pa,PA,Benevides,...,...,09 jun. 78,19:00,Amarela avermelhada (intensa),Amarelo,Circular (como uma bacia emborcada),Circular,"0,50m",Trajetória reta,Baixa,Nordeste/Sudoeste,Baixa (~500Km/h),200m,500m,Sr ANTONIO FERREIRA FAVACHO,,São constantes as observações de OVNI no local. Ausência absoluta de ruído.,,"MINISTÉRIO DA AERONÁUTICA - 1º COMANDO AÉREO REGIONAL - 2ª SEÇÃO DO ESTADO MAIOR REGISTROS DE OBSERVAÇÕES DE OVNI
(Nºs 001 a 130)",,
106,Município de BENEVIDES/Pa,PA,Benevides,...,...,16 jun. 78,12:30,"Prateada (metálica), proa de cor preta",Prateado,"Circular, com saliência (bico)",Circular,...,Trajetória reta,Grande,Noroeste/Sul,Grande,10.000m,...,Sr JOSÉ DE RIBAMAR VIANA DA COSTA,,Deixou um pequeno rastro (logo desfeito) de fumaça. Não percebeu ruído. Afirma não ser avião.,,"MINISTÉRIO DA AERONÁUTICA - 1º COMANDO AÉREO REGIONAL - 2ª SEÇÃO DO ESTADO MAIOR REGISTROS DE OBSERVAÇÕES DE OVNI
(Nºs 001 a 130)",,
107,Baía do Sol - Mosqueiro/Pa,PA,Mosqueiro,...,...,20 jun. 78,04:25,"Amarela avermelhada, fosca. Variável quanto à intensidade.",Amarelo,Ovalada,Oval,20 cm,Trajetória ligeiramente curva (SE),Média (~300Km/h),400m,1.500m,1S Q AT MT FLAVIO e Sr UBIRATAN PINON FRIAS,,"O OVNI movimentava-se em zig-zag, como se fosse sob ação de impulsos de curto período de tempo, com aumento brusco de intensidade luminosa.",Cópia de uma fotografia,,,"MINISTÉRIO DA AERONÁUTICA - 1º COMANDO AÉREO REGIONAL - 2ª SEÇÃO DO ESTADO MAIOR REGISTROS DE OBSERVAÇÕES DE OVNI
(Nºs 001 a 130)",,
108,Município de BENEVIDES/Pa,PA,Benevides,...,...,30 jun. 78,20:35,"Amarela clara, fosca",Amarelo,Indefinida,Indefinida,5 cm,"Trajetória ligeiramente curva, no sentido Leste/Oeste",Baixa (~200Km/h),800m,1.500m,1S Q AT MT FLAVIO e os Civis UBIRATAN PINON FRIAS e ANTONIO FERREIRA FAVACHO,,"O OVNI ao chegar próximo à Rodovia, efetuou curva acentuada, seguindo para rumo Sudeste. Desapareceu por interposição de árvores.",,,,"MINISTÉRIO DA AERONÁUTICA - 1º COMANDO AÉREO REGIONAL - 2ª SEÇÃO DO ESTADO MAIOR REGISTROS DE OBSERVAÇÕES DE OVNI
(Nºs 001 a 130)",,
109,Município de Benevides/Pa,Pará,Benevides,[Latitude],[Longitude],04 jul. 78,às 05:15 horas,"Amarela avermelhada, emitindo lampejos azulados",Amarela avermelhada,Indefinida,Indefinida,15 cm,Trajetória curva (esquerda),Curvo,Leste/Sudeste,Baixa (-200Km/h),600m (estimada),1.000m (estimada),Sr. ANTONIO FERREIRA FAVACHO,Masculino,Não produziu ruído. Efetuou curva para a esquerda em subida aumentou a velocidade e desapareceu no alto.,-,"MINISTÉRIO DA AERONÁUTICA - 1º COMANDO AÉREO REGIONAL - 2ª SEÇÃO DO ESTADO MAIOR REGISTROS DE OBSERVAÇÕES DE OVNI
(Nºs 001 a 130)",,
110,Município de Benevides/Pa,Pará,Benevides,[Latitude],[Longitude],05 jul. 78,às 05:30 horas,Amarela avermelhada,Amarela avermelhada,Arrendondada (circular),Circular,25 cm,Trajetória reta,Reto,Leste/Sudeste,Média (comparada a um avião),300m (estimada),200m (estimada),Sr. ANTONIO FERREIRA FAVACHO,Masculino,"O OVNI deixava um pequeno rastro luminoso (faíscas), sem produzir ruído.",-,"MINISTÉRIO DA AERONÁUTICA - 1º COMANDO AÉREO REGIONAL - 2ª SEÇÃO DO ESTADO MAIOR REGISTROS DE OBSERVAÇÕES DE OVNI
(Nºs 001 a 130)",,
111,Município de Benevides/Pa,Pará,Benevides,[Latitude],[Longitude],11 jul. 78,às 21:40 horas,"Amarela avermelhada, fosca",Amarela avermelhada,Indefinida,Indefinida,6 cm,Trajetória curva descendente,Curvo,Leste/Sul,Média (-500 Km/h),300m (estimada),1.000m (estimada),1S Q AT MT FLAVIO e Sr ANTONIO FERREIRA FAVACHO,Masculino,O OVNI desapareceu por trás de árvores em um ângulo muito baixo. Não se observou ruído.,-,"MINISTÉRIO DA AERONÁUTICA - 1º COMANDO AÉREO REGIONAL - 2ª SEÇÃO DO ESTADO MAIOR REGISTROS DE OBSERVAÇÕES DE OVNI
(Nºs 001 a 130)",,
112,Município de Benevides/Pa,Pará,Benevides,[Latitude],[Longitude],11 jul. 78,às 22:24 horas,Amarela avermelhada,Amarela avermelhada,Indefinida,Indefinida,8 cm,Trajetória curva,Curvo,Leste/Sudeste,Média (-500Km/h),200m (estimada),800m (estimada),1S Q AT MT FLAVIO e Sr ANTONIO FERREIRA FAVACHO,Masculino,O OVNI desapareceu por interposição de árvores.,-,"MINISTÉRIO DA AERONÁUTICA - 1º COMANDO AÉREO REGIONAL - 2ª SEÇÃO DO ESTADO MAIOR REGISTROS DE OBSERVAÇÕES DE OVNI
(Nºs 001 a 130)",,
113,Município de Benevides/Pa,Pará,Benevides,[Latitude],[Longitude],11 jul. 78,às 23:25 horas,"Amarela clara, fosca",Amarela clara,Indefinida,Indefinida,5 cm,Trajetória curva,Curvo,Nordeste/Sudeste,Grande (acima de 800 Km/h),400m (estimada),800m (estimada),1S Q AT MT FLAVIO e Sr ANTONIO FERREIRA FAVACHO,Masculino,"O OVNI desceu de 5.000m (ângulo vertical aproximadamente 30º), em curva descendente. Não se ouviu ruído ou deslocamento de ar. A passagem durou aproximadamente 60 segundos.",-,"MINISTÉRIO DA AERONÁUTICA - 1º COMANDO AÉREO REGIONAL - 2ª SEÇÃO DO ESTADO MAIOR REGISTROS DE OBSERVAÇÕES DE OVNI
(Nºs 001 a 130)",,
114,Município de Benevides/Pa,Pará,Benevides,[Latitude],[Longitude],14 jul. 78,às 02:10 horas,"Amarela, fosca",Amarela fosca,Indefinida,Indefinida,20 cm,Trajetória reta,Reto,Leste/Sudeste,Média (-500 Km/h),300m (estimada),500m (estimada),1S Q AT MT FLAVIO e os Civis UBIRATAN PINON FRIAS e ANTONIO FERREIRA FAVACHO,Masculino,Ausência de ruído. Desapareceu por interposição de árvores.,-,"MINISTÉRIO DA AERONÁUTICA - 1º COMANDO AÉREO REGIONAL - 2ª SEÇÃO DO ESTADO MAIOR REGISTROS DE OBSERVAÇÕES DE OVNI
(Nºs 001 a 130)",,
115,Município de Benevides/Pa,Pará,Benevides,[Latitude],[Longitude],19 jul. 78,às 23:40 horas,"Branca azulada, emitindo lampejos azulados muito intensos",Branca azulada,Indefinida,Indefinida,1 cm,Zig-zag (mudança brusca de proa),Zig-zag,Noroeste/SE,Supersônica,11.000m (estimada),-,1S Q AT MT FLAVIO e Sr ANTONIO FERREIRA FAVACHO,Masculino,"Após cruzar o centro da abóbada, efetuou curva para a direita (Leste), prosseguindo em reta até desaparecer devido à distância. Os lampejos eram de tonalidades azul-violeta.",-,"MINISTÉRIO DA AERONÁUTICA - 1º COMANDO AÉREO REGIONAL - 2ª SEÇÃO DO ESTADO MAIOR REGISTROS DE OBSERVAÇÕES DE OVNI
(Nºs 001 a 130)",,
116,Município de Benevides/Pa,Pará,Benevides,[Latitude],[Longitude],25 jul. 78,às 19:10 horas,"Amarela avermelhada, emitindo lampejos azulados",Amarela avermelhada,Indefinida,Indefinida,-,Trajetória reta,Reto,Noroeste/Sudeste,Grande (acima de 1000Km/h),11.000m (estimada),"11.000m (estimada), na vertical",1S Q AT MT FLAVIO e os Civis UBIRATAN PINON FRIAS e ANTONIO FERREIRA FAVACHO,Masculino,-,-,"MINISTÉRIO DA AERONÁUTICA - 1º COMANDO AÉREO REGIONAL - 2ª SEÇÃO DO ESTADO MAIOR REGISTROS DE OBSERVAÇÕES DE OVNI
(Nºs 001 a 130)",,
117,Município de Benevides/Pa,Pará,Benevides,[Latitude],[Longitude],25 jul. 78,às 19:11 horas,Amarela avermelhada,Amarela avermelhada,Indefinida,Indefinida,2 cm,Zig-zag (manobra brusca),Zig-zag,Leste/Oeste,Supersônica,11.000m (estimada),"11.000m (estimada), na vertical",1S Q AT MT FLAVIO e os Civis UBIRATAN PINON FRIAS e ANTONIO FERREIRA FAVACHO,Masculino,"O OVNI ao atingir 2/3 da abóbada, procedeu curva fechada para a direita.",-,"MINISTÉRIO DA AERONÁUTICA - 1º COMANDO AÉREO REGIONAL - 2ª SEÇÃO DO ESTADO MAIOR REGISTROS DE OBSERVAÇÕES DE OVNI
(Nºs 001 a 130)",,
118,Município de Benevides/Pa,Pará,Benevides,[Latitude],[Longitude],25 jul. 78,às 19:15 horas,Amarela avermelhada,Amarela avermelhada,Indefinida,Indefinida,2 cm,Trajetória curva,Curvo,Oeste/Leste,Supersônica,11.000m (estimada),10.000m (estimada),1S Q AT MT FLAVIO e os Civis UBIRATAN PINON FRIAS e ANTONIO FERREIRA FAVACHO,Masculino,"O OVNI ao atingir 2/3 da abóbada, efetuou curva à direita mantendo uma trajetória curva, emitindo lampejos intermitentes de cor azul violeta.",-,"MINISTÉRIO DA AERONÁUTICA - 1º COMANDO AÉREO REGIONAL - 2ª SEÇÃO DO ESTADO MAIOR REGISTROS DE OBSERVAÇÕES DE OVNI
(Nºs 001 a 130)",,
119,Município de BENEVIDES/Pa,PA,Benevides,,,25 jul. 78,19:25,"Amarela avermelhada, clara",Indefinida,5 cm,"Trajetória ligeiramente curva, Sentido Oeste/Leste",Baixa (~300Km/h),6.000m,5.000m,-,"O OVNI após cruzar o centro da abóbada aumentou a velocidade (aceleração rápida), emitindo lampejos azulados. Desviou para o rumo Norte (NNE)",,,1S Q AT MT FLAVIO e os Civis UBIRATAN PINON FRIAS e ANTONIO FERREIRA FAVACHO,,,,"MINISTÉRIO DA AERONÁUTICA - 1º COMANDO AÉREO REGIONAL - 2ª SEÇÃO DO ESTADO MAIOR REGISTROS DE OBSERVAÇÕES DE OVNI
(Nºs 001 a 130)",,
120,Município de BENEVIDES/Pa,PA,Benevides,,,26 jul. 78,03:10,Amarela avermelhada,Indefinida,2 cm,"Trajetória reta, Leste/Oeste",Grande (acima de 800Km/h),10.000m,10.000m,-,Emitindo lampejos azulados de fraca intensidade,Cópia de 01 (um) croquis,,1S Q AT MT FLAVIO e Sr UBIRATAN PINON FRIAS,,,,"MINISTÉRIO DA AERONÁUTICA - 1º COMANDO AÉREO REGIONAL - 2ª SEÇÃO DO ESTADO MAIOR REGISTROS DE OBSERVAÇÕES DE OVNI
(Nºs 001 a 130)",,
121,Município de BENEVIDES/Pa,PA,Benevides,,,28 jul. 78,03:45,Amarela avermelhada,Indefinida,5 cm,"Trajetória reta, Leste/Sudeste",Baixa (~200Km/h),4.000m,5.000m,-,Não emitia lampejos.,,,1S Q AT MT FLAVIO e Sr UBIRATAN PINON FRIAS,,,,"MINISTÉRIO DA AERONÁUTICA - 1º COMANDO AÉREO REGIONAL - 2ª SEÇÃO DO ESTADO MAIOR REGISTROS DE OBSERVAÇÕES DE OVNI
(Nºs 001 a 130)",,
122,Município de BELÉM/Pa - (Vila dos SO e SARGENTOS),PA,Belém,,,07 ago. 78,22:00,"Amarela, com semi-círculo avermelhado (rotativo)",Indefinida,10 cm,"Trajetória reta, sentido Sudeste/Noroeste",Baixa (~300Km/h),2.000m,2.000m,-,O OVNI deslocou-se no sentido Aero Clube (SE) para o Aeroporto de Val-de-Cans (NW). Liberava partículas luminosas em forma de cauda (faiscas).,,,2S Q IG FI CABRAL,,,,"MINISTÉRIO DA AERONÁUTICA - 1º COMANDO AÉREO REGIONAL - 2ª SEÇÃO DO ESTADO MAIOR REGISTROS DE OBSERVAÇÕES DE OVNI
(Nºs 001 a 130)",,
123,Município de BENEVIDES/Pa,PA,Benevides,,,13 ago. 78,05:40,Avermelhada (Âmbar),Oval,"0,50m","Trajetória reta, no sentido Sul/Norte","Baixa (~20 Km/h), quase parando",60m,300m,,"O OVNI surgiu por trás das árvores e dirigiu um foco de luz diretamente sobre o relator, deixando-o momentaneamente cego. Recuperou a visão após alguns minutos.",,,Sr ANTONIO FERREIRA FAVACHO,,,,"MINISTÉRIO DA AERONÁUTICA - 1º COMANDO AÉREO REGIONAL - 2ª SEÇÃO DO ESTADO MAIOR REGISTROS DE OBSERVAÇÕES DE OVNI
(Nºs 001 a 130)",,
124,Município de BELÉM/Pa - Bairro do Marco,PA,Belém,,,18 ago. 78,19:10,Avermelhada,Indefinida,30 cm,"Inicialmente estacionário, deu impressão de afastar-se",...,...,2.000m,,"Visível por aproximadamente 5 minutos. Afastou-se em direção ao Sul, diminuindo gradativamente de tamanho.",,,Sr JOSE DE RIBAMAR VIANA DA COSTA,,,,"MINISTÉRIO DA AERONÁUTICA - 1º COMANDO AÉREO REGIONAL - 2ª SEÇÃO DO ESTADO MAIOR REGISTROS DE OBSERVAÇÕES DE OVNI
(Nºs 001 a 130)",,
125,Belém/Pa - Conj. Santos Dumont-SO e SGT-Bairro Sacramenta,PA,Belém,,,18 ago. 78,19:10,Laranja no centro e vermelha nas extremidades,Indefinida,20m (diminuindo gradativamente),?,?,600m,2.000m,,"Avistado inicialmente como um grande clarão, diminuiu gradativamente até transformar-se em um ponto luminoso de cor vermelha (Sul).",,,SO Q AT TS - ANTONIO LEMANSKI,,,,"MINISTÉRIO DA AERONÁUTICA - 1º COMANDO AÉREO REGIONAL - 2ª SEÇÃO DO ESTADO MAIOR REGISTROS DE OBSERVAÇÕES DE OVNI
(Nºs 001 a 130)",,
126,Belém/Pa - Vila Residencial SO e SGT FAB,PA,Belém,,,18 ago. 78,19:10,"Laranja avermelhada, com um núcleo azulado",Indefinida,10m,Estacionário. Abria e fechava como um diafragma,?,300,,,,,,,,,,"MINISTÉRIO DA AERONÁUTICA - 1º COMANDO AÉREO REGIONAL - 2ª SEÇÃO DO ESTADO MAIOR REGISTROS DE OBSERVAÇÕES DE OVNI
(Nºs 001 a 130)",,
127,Município de MARABÁ/Pa,PA,Marabá,,,25 ago. 78,19:45,Amarela avermelhada. Rastro luminoso de cor vermelha,Indefinida,25 cm,"Inicialmente em ângulo de 45º, desceu em picada, recuperando a 300m. Desapareceu no alto.",Supersônica,2.000m (estimada),-,,O OVNI desceu e subiu animado de grande velocidade na mesma direção.,,,Sr LUIZ CARLOS GOMES FREITAS DO VALE,,,,"MINISTÉRIO DA AERONÁUTICA - 1º COMANDO AÉREO REGIONAL - 2ª SEÇÃO DO ESTADO MAIOR REGISTROS DE OBSERVAÇÕES DE OVNI
(Nºs 001 a 130)",,
128,Município de BELÉM/Pa - UFPA - Bairro do Guamá,PA,Belém,,,07 out. 78,22:04,"Amarela, brilho intenso, ponto luminoso de cor vermelha","Quadrada, semelhante ao automóvel OPALA (Cor opaca)","De luminosidade: 300m. De botijas: 4,5m (Opala)","Inicialmente estacionário, retangular e horizontal, movimento sentido Sudeste/Noroeste.",-,1.600m (estimada),-,,C-1 (Relato coincidente).,,,Ten Cel Av (Eng) GABRIEL BRASIL e Professor do Núcleo de Física da UFPA,,,,"MINISTÉRIO DA AERONÁUTICA - 1º COMANDO AÉREO REGIONAL - 2ª SEÇÃO DO ESTADO MAIOR REGISTROS DE OBSERVAÇÕES DE OVNI
(Nºs 001 a 130)",,
129,Rota S. Felix do Xingu,Pará,S. Felix do Xingu,07°37′S,050°28′W,06 nov. 78,às 14:30 horas,"Azulada, brilho metálico, desprendendo luminosidade azul e vermelha","Azulada, brilho metálico","Oval (dupla), sobreposta",Oval,"6,00m",Vôo picado em direção à aeronave (passagem rasante),Reto,Sudeste/Noroeste,Variável,1.500m (indicada pelo altímetro),100m (em função do tamanho aparente do OVNI),Sr. JOSE RODRIGUES DOS SANTOS,Masculino,O observador é possuidor de larga experiência profissional. Sofreu distúrbio emocional ao pousar sua aeronave no destino. Imediatamente procurou recursos médicos.,Croquis,"MINISTÉRIO DA AERONÁUTICA - 1º COMANDO AÉREO REGIONAL - 2ª SEÇÃO DO ESTADO MAIOR REGISTROS DE OBSERVAÇÕES DE OVNI
(Nºs 001 a 130)",,
130,Município de Tomé-Açu/Pa,Pará,Tomé-Açu,02°22′S,048°44′W,28 nov. 78,às 15:15 horas,"Cinza clara, brilho metálico","Cinza clara, brilho metálico",Oval (comparada ao automóvel Opala),Oval,"4,50m","Na horizontal, sentido Sul/Norte durante 4 minutos",Horizontal,Sul/Norte,...,2.000m (estimada),300m (estimada),Sr. LUIZ CARLOS GOMES FREITAS DO VALE,Masculino,"O relator pilotava o EMB-710, PT-NGX. Observou o deslocamento de um OVNI a cerca de 660m em ângulo visual de 45º 4 min, mantendo posição relativa à aeronave.",Relato,"MINISTÉRIO DA AERONÁUTICA - 1º COMANDO AÉREO REGIONAL - 2ª SEÇÃO DO ESTADO MAIOR REGISTROS DE OBSERVAÇÕES DE OVNI
(Nºs 001 a 130)",,
131,Município de Tomé-Açu/Pa,Pará,Tomé-Açu,02°22′S,048°44′W,28 nov. 78,às 18:15 horas,"Cinza neve (clara), brilho metálico","Cinza clara, brilho metálico",Oval (comparada ao automóvel Opala),Oval,...,Ascendeu verticalmente mantendo posição horizontal com relação ao seu eixo longitudinal,Vertical,Sul/Norte,...,2.000m (estimada),300m (estimada),Sr. LUIZ CARLOS GOMES FREITAS DO VALE,Masculino,-,Relato,"MINISTÉRIO DA AERONÁUTICA - 1º COMANDO AÉREO REGIONAL - 2ª SEÇÃO DO ESTADO MAIOR REGISTROS DE OBSERVAÇÕES DE OVNI
(Nºs 001 a 130)",,
132,Coord. entre 07°30'S/050°20'W,Pará,Rio Juari,07°30′S,050°20′W,06 nov. 78,às 14:30 horas,"Azulada, brilho metálico, desprendendo luminosidade azul e vermelha","Azulada, brilho metálico","Oval, com uma saliência estrutural superior",Oval,"6,00m",Efetuou curva à direita ascendendo em posição horizontal,Ascendente,-,Variável,...,100m (estimada),Sr. LUIZ CARLOS GOMES FREITAS DO VALE,Masculino,"O relator navegava sob ação do Piloto Automático, no Rumo 120º, altitude 4.500ft. Observou detalhes da aeronave.",Croquis,"MINISTÉRIO DA AERONÁUTICA - 1º COMANDO AÉREO REGIONAL - 2ª SEÇÃO DO ESTADO MAIOR REGISTROS DE OBSERVAÇÕES DE OVNI
(Nºs 001 a 130)",,